date,close,volume,open,high,low
2018-05-08,8.39,297.0,6.19,8.39,6.19
2018-05-09,9.71,207.0,9.71,9.71,9.71
2018-05-10,11.17,85.0,11.17,11.17,11.17
2018-05-11,12.77,552.0,12.77,12.77,12.77
2018-05-14,14.53,737.0,14.53,14.53,14.53
2018-05-15,16.46,897.0,16.46,16.46,16.46
2018-05-16,18.59,989.0,18.59,18.59,18.59
2018-05-17,20.93,1966.0,20.93,20.93,20.93
2018-05-18,23.51,3116.0,23.51,23.51,23.51
2018-05-21,26.35,1762.0,26.35,26.35,26.35
2018-05-22,29.46,2591.0,29.46,29.46,29.46
2018-05-23,32.89,2689.0,32.89,32.89,32.89
2018-05-24,36.67,5902.0,36.67,36.67,36.67
2018-05-25,40.82,25358.0,40.82,40.82,40.82
2018-05-28,45.38,21135.0,45.38,45.38,45.38
2018-05-29,50.4,41961.0,50.4,50.4,50.4
2018-05-30,46.35,725236.0,52.61,52.81,45.89
2018-05-31,50.31,427385.0,47.97,51.44,44.5
2018-06-01,51.66,326307.0,48.79,52.51,48.1
2018-06-04,46.57,362272.0,53.16,54.21,46.01
2018-06-05,46.1,267636.0,45.34,46.92,43.63
2018-06-06,47.92,259137.0,45.38,48.08,44.94
2018-06-07,45.78,186329.0,47.46,47.72,45.7
2018-06-08,45.53,178946.0,44.95,46.8,44.49
2018-06-11,41.14,250197.0,44.39,44.76,40.66
2018-06-12,41.85,173996.0,41.77,42.49,40.29
2018-06-13,41.08,168103.0,41.3,42.7,40.54
2018-06-14,37.8,241912.0,39.81,41.35,37.38
2018-06-15,37.91,154044.0,37.97,38.72,37.29
2018-06-19,37.24,178358.0,36.73,38.69,35.81
2018-06-20,38.11,173887.0,37.6,38.61,36.05
2018-06-21,34.03,224052.0,38.03,38.32,33.81
2018-06-22,33.39,157085.0,32.86,34.35,32.31
2018-06-25,34.72,174288.0,33.48,35.73,33.26
2018-06-26,35.86,147897.0,33.98,35.98,33.65
2018-06-27,34.82,102352.0,35.56,35.88,34.53
2018-06-28,31.87,120071.0,34.71,35.42,31.78
2018-06-29,35.54,129485.0,32.02,35.54,31.87
2018-07-02,36.16,166473.0,35.52,37.85,35.13
2018-07-03,36.05,132998.0,36.53,37.43,34.15
2018-07-04,33.42,117856.0,35.56,35.56,33.05
2018-07-05,33.41,98545.0,33.01,34.4,32.58
2018-07-06,35.94,198307.0,33.36,37.23,33.35
2018-07-09,37.12,145616.0,36.43,37.35,35.35
2018-07-10,36.95,109546.0,37.56,38.32,36.28
2018-07-11,36.62,111071.0,35.56,36.94,35.18
2018-07-12,38.82,176254.0,36.62,39.63,36.26
2018-07-13,38.46,149165.0,38.11,39.98,37.51
2018-07-16,37.26,97483.0,38.03,38.75,36.75
2018-07-17,37.24,64532.0,37.18,37.63,36.41
2018-07-18,35.33,105921.0,37.24,37.58,35.26
2018-07-19,33.52,112505.0,35.13,35.13,33.12
2018-07-20,34.38,83025.0,33.23,35.05,33.14
2018-07-23,32.63,141943.0,31.73,33.0,31.07
2018-07-24,33.2,89972.0,32.41,33.72,32.21
2018-07-25,33.0,74984.0,33.33,34.18,32.92
2018-07-26,31.87,71235.0,33.01,33.14,31.53
2018-07-27,31.97,43720.0,31.9,32.42,31.48
2018-07-30,30.2,82179.0,31.98,32.15,29.23
2018-07-31,29.68,55862.0,30.03,30.67,29.25
2018-08-01,28.23,83176.0,29.45,29.78,28.13
2018-08-02,28.41,82542.0,27.95,28.95,27.4
2018-08-03,27.2,53656.0,28.2,28.52,27.16
2018-08-06,25.6,75522.0,26.84,27.08,25.45
2018-08-07,27.73,98370.0,25.97,27.88,25.62
2018-08-08,26.18,64921.0,27.44,27.59,26.04
2018-08-09,29.05,130705.0,26.1,29.29,25.8
2018-08-10,29.19,85491.0,28.76,29.82,28.42
2018-08-13,29.34,53690.0,28.41,29.59,28.37
2018-08-14,28.86,40547.0,29.27,29.81,28.76
2018-08-15,27.29,59807.0,28.88,29.13,27.1
2018-08-16,27.22,39767.0,26.63,27.78,26.25
2018-08-17,25.74,71311.0,27.64,27.73,25.63
2018-08-20,26.2,47439.0,25.75,26.3,25.1
2018-08-21,28.88,108664.0,25.99,29.13,25.97
2018-08-22,30.14,138551.0,30.15,30.93,29.6
2018-08-23,32.58,135272.0,30.03,33.27,29.76
2018-08-24,31.68,86585.0,32.03,32.95,31.42
2018-08-27,32.97,113475.0,32.02,34.11,31.74
2018-08-28,32.73,65921.0,32.59,33.48,32.34
2018-08-29,33.37,71818.0,32.55,33.86,32.16
2018-08-30,32.37,65659.0,33.16,33.42,31.72
2018-08-31,31.1,54540.0,31.98,32.15,31.07
2018-09-03,32.2,58821.0,30.76,32.32,30.76
2018-09-04,32.54,65198.0,32.12,32.82,31.52
2018-09-05,31.5,50327.0,32.14,32.36,31.31
2018-09-06,32.2,69021.0,31.27,33.13,31.27
2018-09-07,32.58,85738.0,32.12,33.69,31.95
2018-09-10,32.35,54656.0,32.54,33.19,31.76
2018-09-11,33.62,82919.0,32.33,33.65,31.7
2018-09-12,32.37,104180.0,33.48,34.91,32.17
2018-09-13,31.47,108928.0,32.82,32.97,29.39
2018-09-14,30.38,47784.0,31.1,31.16,30.11
2018-09-17,30.25,33506.0,29.95,30.83,29.53
2018-09-18,31.63,54623.0,29.95,31.84,29.91
2018-09-19,32.35,72207.0,31.47,32.8,31.01
2018-09-20,32.36,40205.0,32.23,32.96,32.16
2018-09-21,33.43,71947.0,32.38,33.81,32.38
2018-09-25,32.8,45285.0,32.8,33.13,32.43
2018-09-26,33.14,68799.0,32.88,33.81,32.43
2018-09-27,33.28,68057.0,33.09,34.69,32.63
2018-09-28,34.52,63173.0,33.15,34.57,33.15
2018-10-08,31.93,70812.0,33.68,33.77,31.68
2018-10-09,31.63,39081.0,32.09,32.78,31.38
2018-10-10,30.95,47009.0,31.52,32.11,30.29
2018-10-11,27.56,93074.0,29.39,29.55,27.38
2018-10-12,28.39,54177.0,26.76,28.83,26.66
2018-10-15,29.13,51735.0,28.57,30.13,28.57
2018-10-16,28.61,37732.0,29.1,29.56,27.9
2018-10-17,29.08,38674.0,29.39,29.69,28.51
2018-10-18,27.61,41177.0,28.8,28.8,26.85
2018-10-19,29.52,63039.0,26.63,29.99,26.63
2018-10-22,32.26,80803.0,30.46,32.37,30.16
2018-10-23,32.11,74208.0,31.87,33.07,31.72
2018-10-24,31.73,55012.0,32.16,33.36,31.39
2018-10-25,32.29,47317.0,30.35,32.4,30.19
2018-10-26,30.31,68314.0,32.14,32.49,29.37
2018-10-29,28.84,42609.0,29.65,29.98,28.54
2018-10-30,30.63,46364.0,28.56,30.88,28.35
2018-10-31,32.22,70861.0,31.1,32.92,31.1
2018-11-01,31.95,54613.0,32.43,32.83,31.78
2018-11-02,32.82,74140.0,32.75,33.6,32.25
2018-11-05,32.53,48974.0,33.14,33.18,31.86
2018-11-06,34.75,74012.0,33.01,34.85,31.93
2018-11-07,32.53,81815.0,34.24,34.45,32.45
2018-11-08,32.31,43901.0,32.99,33.37,32.07
2018-11-09,31.99,35384.0,31.58,32.59,31.36
2018-11-12,33.02,42093.0,31.99,33.21,31.82
2018-11-13,32.66,46103.0,32.54,33.22,32.09
2018-11-14,32.19,42325.0,32.66,32.67,32.07
2018-11-15,32.31,37978.0,31.8,32.45,31.8
2018-11-16,32.13,59973.0,32.38,32.92,31.9
2018-11-19,30.04,96691.0,31.73,31.92,29.52
2018-11-20,29.48,44464.0,29.68,30.37,29.36
2018-11-21,30.33,49416.0,29.17,30.58,29.05
2018-11-22,29.78,33851.0,30.34,30.57,29.63
2018-11-23,28.76,39639.0,29.86,29.86,28.74
2018-11-26,28.9,21832.0,28.8,29.34,28.74
2018-11-27,28.49,33817.0,29.09,29.33,27.83
2018-11-28,29.28,32367.0,28.54,29.36,28.39
2018-11-29,29.08,37197.0,29.43,29.96,29.08
2018-11-30,29.08,23486.0,28.94,29.22,28.68
2018-12-03,30.97,66613.0,30.03,31.09,29.95
2018-12-04,31.6,58644.0,30.88,31.67,30.71
2018-12-05,31.44,43198.0,31.22,31.67,30.8
2018-12-06,29.18,84501.0,31.1,31.1,28.97
2018-12-07,29.22,36923.0,29.18,29.48,28.68
2018-12-10,28.9,28019.0,28.71,29.56,28.6
2018-12-11,29.35,26055.0,29.05,29.55,29.03
2018-12-12,29.46,20580.0,29.56,29.69,29.16
2018-12-13,29.41,37228.0,29.43,29.72,28.71
2018-12-14,28.6,43225.0,29.35,29.39,28.54
2018-12-17,28.49,27918.0,28.61,28.93,28.17
2018-12-18,28.77,17198.0,28.32,28.88,28.28
2018-12-19,27.96,23603.0,28.83,28.93,27.74
2018-12-20,27.75,23528.0,28.01,28.11,27.36
2018-12-21,27.35,31317.0,27.63,27.72,26.63
2018-12-24,27.61,17718.0,27.18,27.91,26.89
2018-12-25,27.61,26633.0,27.26,27.75,26.63
2018-12-26,27.35,14328.0,27.49,27.75,27.05
2018-12-27,26.97,20249.0,27.78,27.99,26.95
2018-12-28,27.0,14753.0,26.92,27.22,26.75
2019-01-02,25.76,29959.0,27.18,27.18,25.59
2019-01-03,25.62,18278.0,25.78,26.02,25.38
2019-01-04,26.03,27893.0,25.27,26.27,25.13
2019-01-07,25.87,27785.0,26.21,26.21,25.52
2019-01-08,25.59,21729.0,25.87,25.87,25.36
2019-01-09,25.84,28444.0,25.58,26.33,25.58
2019-01-10,25.93,18296.0,25.82,26.21,25.7
2019-01-11,25.94,19990.0,25.87,25.97,25.48
2019-01-14,25.59,14139.0,25.99,25.99,25.59
2019-01-15,25.95,25016.0,25.59,26.07,25.48
2019-01-16,26.01,22498.0,25.95,26.19,25.71
2019-01-17,26.37,39619.0,26.21,26.88,26.12
2019-01-18,27.1,41916.0,26.38,27.18,26.38
2019-01-21,28.26,58381.0,27.15,28.37,27.12
2019-01-22,27.52,38763.0,28.32,28.32,27.29
2019-01-23,27.35,18635.0,27.3,27.64,27.18
2019-01-24,27.76,27045.0,27.36,27.98,27.21
2019-01-25,27.64,22952.0,27.76,28.17,27.57
2019-01-28,26.83,31290.0,27.64,27.86,26.52
2019-01-29,26.85,25868.0,26.7,27.04,26.16
2019-01-30,27.63,39807.0,26.84,27.95,26.81
2019-01-31,27.28,38041.0,27.78,27.82,26.57
2019-02-01,27.99,35419.0,27.7,28.12,27.48
2019-02-11,28.77,35272.0,27.95,29.09,27.52
2019-02-12,29.4,51100.0,28.8,29.78,28.77
2019-02-13,29.59,48693.0,29.25,29.76,29.02
2019-02-14,30.63,63705.0,29.57,30.93,29.22
2019-02-15,29.99,34093.0,30.41,30.61,29.93
2019-02-18,31.38,55058.0,30.16,31.41,30.16
2019-02-19,31.18,64768.0,31.39,32.52,30.81
2019-02-20,30.88,43671.0,31.19,31.52,30.61
2019-02-21,30.16,45284.0,30.57,31.11,30.04
2019-02-22,31.43,46020.0,30.03,31.45,30.0
2019-02-25,32.89,79962.0,31.36,32.96,31.14
2019-02-26,32.41,65211.0,32.89,33.99,32.16
2019-02-27,32.07,38038.0,32.32,32.77,31.87
2019-02-28,33.38,72975.0,32.46,33.77,32.46
2019-03-01,33.39,35172.0,33.56,33.86,32.72
2019-03-04,36.27,113543.0,33.41,37.21,33.41
2019-03-05,37.41,75853.0,35.55,37.68,35.42
2019-03-06,36.95,55103.0,37.34,38.37,36.36
2019-03-07,35.72,71744.0,36.84,36.84,34.88
2019-03-08,34.95,51312.0,34.58,36.2,34.23
2019-03-11,36.13,42496.0,36.62,36.64,35.37
2019-03-12,35.87,56692.0,36.13,36.7,35.33
2019-03-13,35.35,40286.0,35.98,36.45,35.01
2019-03-14,34.43,46708.0,34.96,35.13,33.73
2019-03-15,34.99,44025.0,34.43,35.98,34.39
2019-03-18,36.39,47486.0,35.37,36.49,35.23
2019-03-19,36.61,38876.0,36.52,37.18,35.94
2019-03-20,35.22,52467.0,36.2,36.2,34.79
2019-03-21,35.28,33740.0,35.39,35.55,34.87
2019-03-22,36.36,52924.0,35.26,36.36,35.09
2019-03-25,34.99,71927.0,36.58,37.1,34.96
2019-03-26,33.2,68369.0,34.99,35.29,32.5
2019-03-27,33.58,40504.0,33.43,34.11,33.43
2019-03-28,33.6,30508.0,33.43,34.15,32.88
2019-03-29,35.06,53603.0,33.86,35.09,33.6
2019-04-01,35.59,67813.0,35.38,35.77,34.9
2019-04-02,35.14,56896.0,35.64,36.39,34.96
2019-04-03,35.23,32829.0,34.95,35.52,34.71
2019-04-04,34.76,50152.0,35.24,35.47,34.28
2019-04-08,34.4,40945.0,35.08,35.08,34.03
2019-04-09,35.17,42824.0,34.41,35.28,34.31
2019-04-10,36.67,87687.0,35.35,36.95,35.3
2019-04-11,35.51,44138.0,36.67,36.92,35.36
2019-04-12,36.09,37394.0,35.42,36.41,35.27
2019-04-15,34.71,45600.0,36.79,36.79,34.71
2019-04-16,35.09,34578.0,34.65,35.19,34.13
2019-04-17,35.11,23346.0,35.26,35.5,34.88
2019-04-18,34.69,18980.0,34.71,35.05,34.5
2019-04-19,34.69,21100.0,34.89,35.16,34.54
2019-04-22,34.2,23095.0,34.78,34.83,34.07
2019-04-23,33.12,48678.0,33.87,34.22,32.99
2019-04-24,32.97,48326.0,33.12,33.25,32.17
2019-04-25,32.63,29877.0,32.97,33.6,32.52
2019-04-26,32.71,28712.0,32.61,33.25,32.38
2019-04-29,33.43,33178.0,32.67,33.46,32.62
2019-04-30,32.8,35028.0,32.92,32.92,32.26
2019-05-06,29.54,72059.0,29.05,31.1,29.05
2019-05-07,29.54,33766.0,29.61,29.99,29.18
2019-05-08,29.18,30518.0,29.16,29.69,28.97
2019-05-09,26.95,84219.0,29.05,29.05,26.73
2019-05-10,28.45,60969.0,27.48,28.54,27.14
2019-05-13,29.1,43362.0,28.36,29.52,27.98
2019-05-14,29.42,41457.0,28.77,30.08,28.77
2019-05-15,29.82,31065.0,29.6,30.03,29.21
2019-05-16,29.81,22231.0,29.77,29.95,29.34
2019-05-17,29.38,32392.0,29.74,30.22,29.18
2019-05-20,28.54,25353.0,29.28,29.6,28.25
2019-05-21,29.66,33942.0,28.76,29.93,28.56
2019-05-22,30.02,37349.0,29.76,30.27,29.55
2019-05-23,28.8,27539.0,29.98,29.98,28.75
2019-05-24,29.06,19149.0,28.78,29.44,28.76
2019-05-27,29.35,26323.0,29.06,29.52,28.54
2019-05-28,28.76,30259.0,29.18,29.35,28.53
2019-05-29,29.06,26131.0,28.69,29.32,28.63
2019-05-30,28.76,20208.0,28.91,29.17,28.55
2019-05-31,28.84,23986.0,28.76,29.21,28.7
2019-06-03,28.46,24683.0,28.76,29.05,28.19
2019-06-04,28.13,20823.0,28.54,28.81,28.12
2019-06-05,27.99,23937.0,28.46,28.54,27.87
2019-06-06,27.98,20331.0,27.91,28.29,27.75
2019-06-10,28.69,25972.0,28.18,28.74,27.81
2019-06-11,29.62,39205.0,28.67,29.82,28.52
2019-06-12,29.51,25084.0,29.54,29.9,29.32
2019-06-13,29.57,29619.0,29.52,29.98,29.31
2019-06-14,30.12,57015.0,29.52,30.75,29.51
2019-06-17,31.31,66490.0,30.19,32.02,30.19
2019-06-18,31.33,45816.0,31.22,31.44,31.03
2019-06-19,31.61,62305.0,32.02,32.34,31.39
2019-06-20,31.87,70062.0,31.58,31.87,31.32
2019-06-21,31.33,70357.0,32.07,32.1,30.8
2019-06-24,31.35,48803.0,31.01,31.44,30.89
2019-06-25,30.74,42413.0,31.48,31.6,30.32
2019-06-26,32.11,89301.0,31.15,32.31,30.38
2019-06-27,32.16,66179.0,32.37,32.44,31.74
2019-06-28,32.02,47352.0,32.11,32.16,31.61
2019-07-01,33.9,98689.0,32.58,34.57,32.21
2019-07-02,35.87,105843.0,33.87,36.72,33.87
2019-07-03,35.15,89167.0,35.73,35.73,34.94
2019-07-04,34.64,78630.0,35.06,35.27,34.26
2019-07-05,34.65,60713.0,34.81,34.88,34.14
2019-07-08,33.89,67911.0,34.4,34.68,33.15
2019-07-09,33.81,55532.0,33.67,34.22,33.51
2019-07-10,33.74,55516.0,33.96,34.59,33.6
2019-07-11,33.25,49469.0,33.93,33.99,33.03
2019-07-12,33.21,42128.0,33.33,33.96,33.21
2019-07-15,34.06,69013.0,32.97,34.17,32.22
2019-07-16,34.02,54305.0,33.94,34.17,33.71
2019-07-17,34.09,49852.0,34.02,34.46,33.81
2019-07-18,33.68,50927.0,33.96,34.15,33.03
2019-07-19,34.08,55978.0,33.86,34.15,33.58
2019-07-22,33.82,57373.0,34.0,34.22,33.39
2019-07-23,34.06,44476.0,33.99,34.14,33.7
2019-07-24,34.5,80624.0,34.17,34.63,33.93
2019-07-25,34.45,49587.0,34.48,34.7,33.86
2019-07-26,35.42,78848.0,34.25,35.53,34.14
2019-07-29,35.25,52330.0,35.3,35.95,35.17
2019-07-30,34.96,42991.0,35.47,35.57,34.93
2019-07-31,34.1,52709.0,34.94,35.0,33.96
2019-08-01,34.04,40593.0,34.11,34.39,33.81
2019-08-02,33.43,58442.0,33.39,33.74,32.87
2019-08-05,32.8,55320.0,33.09,33.37,32.64
2019-08-06,32.86,53206.0,32.21,32.93,32.09
2019-08-07,32.91,44608.0,33.08,33.35,32.77
2019-08-08,34.21,95003.0,33.38,34.43,33.34
2019-08-09,34.21,95861.0,34.2,34.76,34.02
2019-08-12,35.65,81367.0,34.2,35.7,34.18
2019-08-13,36.4,121094.0,35.36,36.9,35.33
2019-08-14,37.23,249378.0,35.3,38.62,34.7
2019-08-15,36.11,124237.0,36.49,37.21,35.9
2019-08-16,38.21,127507.0,36.21,38.72,36.21
2019-08-19,39.46,143799.0,38.58,40.04,38.57
2019-08-20,40.96,174155.0,38.93,42.07,38.93
2019-08-21,41.15,83753.0,41.04,41.48,40.3
2019-08-22,41.49,77724.0,41.55,42.55,41.07
2019-08-23,44.56,141834.0,41.42,44.58,41.31
2019-08-26,44.28,96041.0,44.05,44.55,43.42
2019-08-27,45.01,166434.0,44.82,46.78,44.55
2019-08-28,44.98,84249.0,45.21,45.55,44.02
2019-08-29,44.67,65922.0,44.64,45.15,43.99
2019-08-30,47.02,101335.0,44.82,47.86,44.77
2019-09-02,47.45,77146.0,46.92,47.61,46.29
2019-09-03,45.37,98082.0,47.25,47.43,45.12
2019-09-04,44.2,155551.0,45.58,45.77,43.03
2019-09-05,44.34,111445.0,44.32,44.81,43.81
2019-09-06,44.32,85061.0,44.34,44.62,43.41
2019-09-09,44.29,100919.0,44.53,44.88,43.98
2019-09-10,44.24,104483.0,44.49,45.12,43.81
2019-09-11,43.54,96585.0,44.22,44.25,42.62
2019-09-12,43.42,79725.0,43.66,43.69,42.45
2019-09-16,43.61,81418.0,43.45,44.17,43.14
2019-09-17,43.28,64408.0,43.54,44.11,42.87
2019-09-18,44.76,138259.0,43.42,45.35,43.42
2019-09-19,44.46,85978.0,44.98,45.34,43.78
2019-09-20,45.71,92946.0,44.55,46.19,44.53
2019-09-23,44.58,61558.0,45.53,45.61,44.3
2019-09-24,46.01,99053.0,44.7,46.4,44.33
2019-09-25,46.84,127312.0,45.79,47.8,45.67
2019-09-26,46.61,80681.0,46.8,47.65,46.01
2019-09-27,47.22,88475.0,46.6,48.05,45.06
2019-09-30,47.02,63744.0,47.15,47.49,46.05
2019-10-08,45.24,108429.0,46.52,47.72,44.97
2019-10-09,45.09,88277.0,45.12,45.24,43.8
2019-10-10,47.93,149206.0,45.5,48.2,45.42
2019-10-11,48.17,77978.0,48.35,49.21,47.49
2019-10-14,47.97,71962.0,49.11,49.53,47.2
2019-10-15,47.8,64478.0,47.97,49.28,47.32
2019-10-16,47.93,86414.0,47.68,48.81,47.56
2019-10-17,48.93,96130.0,48.15,49.11,47.37
2019-10-18,48.09,84361.0,48.93,49.14,47.68
2019-10-21,46.16,91550.0,47.74,48.39,45.3
2019-10-22,46.64,59590.0,46.25,47.09,45.83
2019-10-23,45.65,54363.0,46.37,46.84,45.52
2019-10-24,44.64,66435.0,45.51,45.82,44.11
2019-10-25,44.93,65293.0,45.12,45.61,44.71
2019-10-28,46.3,87468.0,45.31,46.61,45.21
2019-10-29,46.53,55692.0,46.13,47.2,46.13
2019-10-30,46.32,57849.0,46.55,46.8,45.59
2019-10-31,51.41,241458.0,48.57,51.41,48.57
2019-11-01,51.64,145180.0,51.25,51.79,50.43
2019-11-04,53.21,116752.0,52.09,54.05,52.09
2019-11-05,52.24,89097.0,53.03,53.06,51.79
2019-11-06,51.81,58100.0,52.44,53.01,51.37
2019-11-07,52.14,64651.0,52.14,52.68,51.5
2019-11-08,51.78,88137.0,52.68,53.09,51.58
2019-11-11,50.59,76769.0,51.63,52.02,50.11
2019-11-12,50.52,76515.0,51.12,51.12,49.65
2019-11-13,52.71,121597.0,50.42,53.84,50.42
2019-11-14,53.95,112765.0,53.11,54.53,52.83
2019-11-15,53.23,64929.0,53.71,54.52,52.96
2019-11-18,53.24,53099.0,53.15,53.99,52.42
2019-11-19,54.22,85871.0,53.15,54.22,52.77
2019-11-20,53.99,101018.0,53.86,55.22,53.27
2019-11-21,51.96,111246.0,54.53,54.53,51.84
2019-11-22,49.68,159814.0,52.28,52.56,48.99
2019-11-25,48.93,157801.0,49.76,50.18,47.5
2019-11-26,49.4,87926.0,49.25,49.58,48.69
2019-11-27,49.16,61885.0,49.0,49.23,48.16
2019-11-28,49.37,64569.0,49.15,49.4,48.67
2019-11-29,47.79,132034.0,48.99,49.17,46.83
2019-12-02,47.72,73173.0,47.53,48.33,46.83
2019-12-03,48.26,82812.0,47.86,48.51,46.49
2019-12-04,48.93,63590.0,48.06,49.57,47.8
2019-12-05,49.86,80708.0,49.21,49.99,48.94
2019-12-06,50.8,65562.0,49.88,50.8,49.61
2019-12-09,49.28,111211.0,51.05,51.13,48.8
2019-12-10,49.22,57946.0,49.27,49.58,48.81
2019-12-11,49.02,53195.0,49.28,49.33,48.7
2019-12-12,49.76,109509.0,49.17,50.41,48.92
2019-12-13,51.71,213250.0,50.18,53.14,50.04
2019-12-16,52.59,115062.0,51.96,53.15,51.38
2019-12-17,53.63,89631.0,52.67,53.9,52.33
2019-12-18,51.75,111573.0,53.74,53.75,51.29
2019-12-19,51.55,70352.0,51.51,51.98,50.71
2019-12-20,50.47,67473.0,51.47,51.88,50.22
2019-12-23,50.53,71695.0,50.25,51.45,49.96
2019-12-24,50.21,51831.0,50.18,50.74,49.8
2019-12-25,49.67,75373.0,50.12,50.24,49.06
2019-12-26,50.86,90885.0,49.55,51.34,49.43
2019-12-27,49.71,96018.0,50.65,51.06,49.36
2019-12-30,49.58,77333.0,49.12,50.06,48.91
2019-12-31,50.25,74634.0,49.64,51.02,49.33
2020-01-02,49.95,116130.0,50.47,50.64,49.22
2020-01-03,48.55,171521.0,49.97,50.2,47.81
2020-01-06,46.96,200543.0,47.83,48.03,46.57
2020-01-07,47.74,125562.0,47.17,48.07,46.73
2020-01-08,47.42,85124.0,47.44,47.98,46.82
2020-01-09,49.76,179971.0,48.39,50.01,48.11
2020-01-10,49.59,107715.0,49.87,50.65,49.47
2020-01-13,50.77,126874.0,50.15,50.84,49.52
2020-01-14,50.47,80126.0,51.25,51.34,50.46
2020-01-15,51.37,97599.0,50.34,52.06,50.27
2020-01-16,52.25,109924.0,51.84,52.53,51.0
2020-01-17,53.11,124042.0,53.74,53.75,51.64
2020-01-20,53.75,89499.0,53.47,54.53,52.77
2020-01-21,53.84,99907.0,54.11,54.9,53.36
2020-01-22,54.2,89187.0,53.87,54.54,52.68
2020-01-23,52.43,103547.0,54.2,54.86,51.72
2020-02-03,50.17,151001.0,47.2,51.9,47.2
2020-02-04,52.26,146774.0,50.2,52.95,49.02
2020-02-05,53.18,178826.0,52.47,54.63,51.67
2020-02-06,57.8,238815.0,53.75,58.81,52.92
2020-02-07,56.36,169403.0,57.32,58.72,55.59
2020-02-10,58.01,152262.0,55.88,58.18,55.12
2020-02-11,57.36,104154.0,58.33,58.44,56.72
2020-02-12,59.53,160735.0,58.4,61.01,57.84
2020-02-13,59.58,95244.0,59.97,60.68,58.86
2020-02-14,60.74,98289.0,60.12,62.01,59.89
2020-02-17,63.27,128882.0,60.58,64.03,60.56
2020-02-18,62.61,91744.0,63.77,63.77,61.89
2020-02-19,61.43,106589.0,62.74,63.2,61.24
2020-02-20,61.49,94614.0,61.18,61.99,60.77
2020-02-21,62.5,90029.0,60.91,62.97,60.64
2020-02-24,62.83,102999.0,62.41,63.57,61.7
2020-02-25,65.28,120635.0,61.62,66.16,61.5
2020-02-26,61.22,149172.0,64.46,64.57,60.3
2020-02-27,60.89,97799.0,61.24,62.52,60.32
2020-02-28,58.51,123771.0,58.24,59.84,57.61
2020-03-02,60.95,90210.0,59.4,61.7,59.17
2020-03-03,63.89,113404.0,62.14,65.17,62.09
2020-03-04,64.87,94325.0,63.74,65.56,62.72
2020-03-05,64.3,98720.0,65.65,65.85,63.55
2020-03-06,64.31,86418.0,63.82,66.43,63.63
2020-03-09,62.09,110036.0,63.33,64.22,62.01
2020-03-10,61.86,114046.0,62.09,62.8,59.65
2020-03-11,59.2,135956.0,61.75,62.74,59.09
2020-03-12,56.43,160489.0,58.44,58.77,55.72
2020-03-13,55.0,180640.0,52.93,55.88,52.56
2020-03-16,50.17,229796.0,55.06,55.07,49.52
2020-03-17,50.22,196475.0,50.77,51.46,47.8
2020-03-18,49.48,172918.0,50.95,52.55,49.33
2020-03-19,48.29,202044.0,49.48,50.36,46.25
2020-03-20,50.28,196729.0,49.28,50.86,48.56
2020-03-23,46.96,227785.0,48.09,49.07,46.42
2020-03-24,50.09,215515.0,48.75,50.49,48.22
2020-03-25,52.93,264427.0,52.08,53.2,51.34
2020-03-26,53.19,149807.0,52.8,53.63,51.96
2020-03-27,50.95,175999.0,53.93,54.16,50.77
2020-03-30,47.5,248372.0,48.39,48.63,46.89
2020-03-31,49.28,154478.0,48.27,49.81,47.56
2020-04-01,49.28,116496.0,49.27,51.23,48.4
2020-04-02,51.4,110635.0,49.58,51.52,49.12
2020-04-03,51.22,99091.0,51.29,52.29,51.07
2020-04-07,53.33,161003.0,52.97,53.56,52.28
2020-04-08,52.81,105744.0,53.61,53.61,51.82
2020-04-09,56.13,163322.0,52.87,56.58,52.87
2020-04-10,55.03,91540.0,56.05,56.97,54.4
2020-04-13,55.59,65986.0,54.7,56.21,53.75
2020-04-14,56.12,129386.0,56.12,56.46,54.58
2020-04-15,54.49,132650.0,55.65,55.95,54.22
2020-04-16,53.79,111439.0,54.17,54.76,53.45
2020-04-17,54.22,140557.0,54.67,55.3,53.75
2020-04-20,57.89,165895.0,54.82,58.18,54.41
2020-04-21,57.02,90199.0,57.83,57.83,56.0
2020-04-22,58.0,100194.0,56.19,58.0,55.85
2020-04-23,56.31,102236.0,57.92,58.4,56.02
2020-04-24,54.88,90984.0,56.0,56.11,54.34
2020-04-27,57.09,117866.0,55.14,57.92,54.87
2020-04-28,58.02,119634.0,57.11,58.43,55.64
2020-04-29,56.45,68629.0,57.97,58.21,56.14
2020-04-30,55.99,97959.0,55.83,56.81,55.24
2020-05-06,55.08,178050.0,54.95,55.53,54.28
2020-05-07,55.71,131756.0,55.09,56.22,54.76
2020-05-08,57.08,137519.0,55.94,57.29,55.54
2020-05-11,56.61,143412.0,57.32,57.52,55.96
2020-05-12,58.57,162417.0,56.58,58.57,56.14
2020-05-13,61.02,164400.0,58.51,61.22,57.88
2020-05-14,61.02,89180.0,60.32,61.75,60.12
2020-05-15,60.49,80337.0,61.46,61.59,59.7
2020-05-18,61.27,102737.0,60.44,62.26,60.3
2020-05-19,61.62,98837.0,61.78,62.38,59.7
2020-05-20,60.56,76212.0,61.61,61.61,60.23
2020-05-21,60.89,90342.0,61.18,61.97,60.58
2020-05-22,58.3,115158.0,60.65,60.77,57.97
2020-05-25,59.11,66675.0,58.3,59.27,57.62
2020-05-26,60.59,77160.0,60.83,60.89,59.52
2020-05-27,57.58,118611.0,60.87,60.89,57.33
2020-05-28,56.53,133029.0,57.56,58.03,55.54
2020-05-29,58.81,106117.0,56.74,59.1,56.74
2020-06-01,60.34,103397.0,59.7,61.12,59.28
2020-06-02,60.42,98536.0,60.42,60.69,59.15
2020-06-03,62.49,147577.0,60.71,62.49,60.42
2020-06-04,63.45,139823.0,63.16,64.37,63.14
2020-06-05,63.76,122546.0,63.12,63.97,62.28
2020-06-08,61.87,217383.0,64.12,64.35,61.26
2020-06-09,62.2,123641.0,61.87,62.86,61.67
2020-06-10,63.37,139840.0,62.12,63.95,62.12
2020-06-11,63.36,142767.0,63.37,64.97,62.77
2020-06-12,64.93,179394.0,62.62,65.4,62.45
2020-06-15,64.41,142400.0,64.82,65.81,64.37
2020-06-16,65.78,158231.0,65.2,66.14,64.45
2020-06-17,66.49,160625.0,65.78,68.02,65.77
2020-06-18,66.2,140094.0,66.49,67.25,64.99
2020-06-19,69.93,243361.0,67.07,70.72,66.81
2020-06-22,70.43,145072.0,69.89,71.03,69.12
2020-06-23,73.18,189491.0,70.2,73.19,69.78
2020-06-24,75.52,177222.0,73.18,76.02,71.72
2020-06-29,76.42,179776.0,74.62,76.83,74.19
2020-06-30,76.12,149642.0,76.42,77.45,74.95
2020-07-01,74.59,212193.0,77.2,77.2,71.95
2020-07-02,73.12,174986.0,74.37,75.2,72.47
2020-07-03,75.51,172896.0,72.87,75.68,72.37
2020-07-06,73.95,283737.0,74.37,74.78,73.18
2020-07-07,75.38,246068.0,73.53,77.0,72.76
2020-07-08,76.38,172031.0,75.09,78.15,75.04
2020-07-09,80.04,204557.0,76.75,80.2,75.62
2020-07-10,80.04,137556.0,79.78,82.7,78.78
2020-07-13,83.12,183840.0,80.62,83.92,80.47
2020-07-14,81.85,174750.0,82.61,82.61,79.23
2020-07-15,84.62,228082.0,82.95,85.99,82.28
2020-07-16,79.43,229752.0,84.78,87.28,79.12
2020-07-17,80.86,179124.0,79.49,82.92,78.95
2020-07-20,79.52,161830.0,83.11,83.11,76.93
2020-07-21,86.87,282313.0,81.45,87.35,80.72
2020-07-22,86.88,182883.0,85.62,88.15,84.79
2020-07-23,91.43,217415.0,86.7,93.27,86.45
2020-07-24,84.82,219667.0,90.72,91.03,84.0
2020-07-27,84.6,137139.0,85.2,87.16,83.07
2020-07-28,86.37,136405.0,86.05,86.68,83.03
2020-07-29,86.95,204751.0,84.78,87.81,83.22
2020-07-30,87.3,158438.0,86.87,90.75,86.54
2020-07-31,89.78,146523.0,87.66,90.62,86.95
2020-08-03,89.72,134991.0,89.83,90.97,88.17
2020-08-04,90.83,146054.0,90.03,93.53,89.87
2020-08-05,93.12,146667.0,90.62,94.32,89.46
2020-08-06,90.95,149814.0,93.12,94.27,90.04
2020-08-07,88.87,178964.0,90.45,91.67,86.37
2020-08-10,89.95,148415.0,88.75,91.02,87.03
2020-08-11,89.99,132585.0,89.79,93.82,89.79
2020-08-12,86.57,187186.0,89.25,90.4,83.95
2020-08-13,84.89,120649.0,86.7,87.57,83.87
2020-08-14,85.52,209300.0,85.62,88.52,81.45
2020-08-17,84.71,163939.0,85.02,85.51,83.02
2020-08-18,86.52,144562.0,84.88,87.57,84.12
2020-08-19,84.18,95877.0,86.03,87.02,84.07
2020-08-20,83.54,116126.0,84.1,84.92,82.27
2020-08-21,83.53,98454.0,84.42,85.03,82.79
2020-08-24,83.52,125528.0,84.31,84.53,81.87
2020-08-25,84.36,115876.0,83.46,84.51,82.7
2020-08-26,84.7,193223.0,83.62,87.18,83.21
2020-08-27,85.87,120072.0,85.12,85.94,83.01
2020-08-28,88.12,225786.0,86.44,88.44,83.66
2020-08-31,87.21,191930.0,89.57,89.68,86.87
2020-09-01,85.35,177861.0,86.72,87.49,85.21
2020-09-02,87.19,199858.0,85.34,87.58,84.38
2020-09-03,85.72,237886.0,86.95,89.02,85.03
2020-09-04,83.3,185244.0,84.57,84.57,81.49
2020-09-07,79.33,162704.0,82.51,83.28,79.33
2020-09-08,79.68,133810.0,79.21,80.59,78.27
2020-09-09,77.43,117916.0,78.45,78.62,76.58
2020-09-10,77.19,141827.0,78.92,78.92,76.44
2020-09-11,77.45,94174.0,76.7,77.88,76.54
2020-09-14,76.95,136150.0,77.45,78.02,76.03
2020-09-15,77.87,108761.0,77.16,78.03,76.84
2020-09-16,76.7,111889.0,77.87,78.74,76.12
2020-09-17,75.02,158981.0,76.7,76.85,73.87
2020-09-18,76.1,131592.0,75.2,76.27,74.46
2020-09-21,74.96,103230.0,76.89,77.26,74.74
2020-09-22,74.81,110495.0,74.96,76.46,74.69
2020-09-23,77.28,162777.0,75.55,78.12,75.25
2020-09-24,76.32,103666.0,76.95,77.27,75.62
2020-09-25,77.26,183767.0,78.12,78.52,76.62
2020-09-28,76.12,108386.0,77.69,77.97,75.53
2020-09-29,79.45,170131.0,76.48,80.47,76.17
2020-09-30,80.2,133959.0,80.0,82.28,79.62
2020-10-09,82.02,116836.0,81.45,82.82,80.62
2020-10-12,85.45,155299.0,83.11,86.04,82.17
2020-10-13,86.45,100510.0,85.64,87.28,85.2
2020-10-14,86.06,116252.0,86.45,87.49,85.69
2020-10-15,86.71,92272.0,86.16,87.84,85.87
2020-10-16,85.96,93118.0,86.96,88.78,84.78
2020-10-19,83.57,133976.0,87.07,87.09,83.05
2020-10-20,85.47,99068.0,83.57,85.62,82.95
2020-10-21,85.87,90268.0,86.11,87.03,85.2
2020-10-22,85.92,82985.0,86.28,86.45,84.57
2020-10-23,82.43,139002.0,85.92,86.03,81.45
2020-10-26,82.85,96168.0,80.92,83.51,78.95
2020-10-27,86.07,128760.0,83.27,86.45,81.82
2020-10-28,86.95,140676.0,86.34,88.68,85.95
2020-10-29,89.57,163440.0,86.28,90.28,85.97
2020-10-30,89.55,197561.0,89.78,93.32,88.39
2020-11-02,90.7,163005.0,90.34,91.53,89.2
2020-11-03,90.37,126524.0,91.03,91.45,89.77
2020-11-04,91.49,110927.0,89.87,92.09,88.47
2020-11-05,93.03,142371.0,92.53,93.53,89.62
2020-11-06,92.62,117911.0,93.53,93.78,90.62
2020-11-09,95.16,183632.0,93.53,96.95,92.28
2020-11-10,95.87,141036.0,95.12,96.94,91.0
2020-11-11,91.34,169200.0,95.62,97.12,91.02
2020-11-12,93.28,107989.0,92.28,94.57,91.62
2020-11-13,93.7,107698.0,93.62,94.72,93.12
2020-11-16,96.32,97924.0,93.95,96.7,93.3
2020-11-17,92.71,109807.0,95.86,96.28,91.93
2020-11-18,83.84,346135.0,92.53,92.99,83.0
2020-11-19,84.75,173043.0,83.12,85.7,82.38
2020-11-20,86.53,88951.0,85.6,87.64,85.36
2020-11-23,85.2,113360.0,86.53,87.25,84.35
2020-11-24,83.15,132756.0,85.28,85.28,82.32
2020-11-25,80.78,179840.0,83.13,83.16,80.37
2020-11-26,81.45,95330.0,82.03,82.43,80.55
2020-11-27,81.31,104349.0,82.01,82.11,79.85
2020-11-30,81.72,209936.0,81.87,82.27,79.06
2020-12-01,86.02,218420.0,81.45,86.04,81.28
2020-12-02,85.66,88731.0,86.02,86.78,84.33
2020-12-03,87.34,136189.0,85.66,88.12,84.68
2020-12-04,88.09,125454.0,87.62,88.37,86.53
2020-12-07,88.14,136316.0,87.37,88.39,85.66
2020-12-08,88.03,126903.0,88.2,88.76,87.37
2020-12-09,86.3,104452.0,88.12,88.6,85.99
2020-12-10,87.0,106091.0,85.61,87.12,85.02
2020-12-11,86.45,127415.0,87.26,88.85,85.82
2020-12-14,89.95,134581.0,86.57,90.62,86.1
2020-12-15,92.2,190139.0,89.7,93.42,89.43
2020-12-16,94.04,148554.0,92.29,94.77,92.29
2020-12-17,98.12,238486.0,96.7,99.76,96.45
2020-12-18,97.12,107248.0,97.6,98.87,96.77
2020-12-21,98.47,142472.0,97.7,99.28,96.58
2020-12-22,99.53,163093.0,98.52,102.81,98.21
2020-12-23,100.16,128676.0,99.78,101.28,97.95
2020-12-24,100.78,81940.0,99.76,101.7,98.7
2020-12-25,105.2,143718.0,100.26,106.47,100.05
2020-12-28,102.99,147841.0,105.09,105.2,102.37
2020-12-29,103.32,84160.0,103.53,104.37,100.89
2020-12-30,104.96,122869.0,103.37,106.34,102.87
2020-12-31,107.88,150642.0,105.49,109.41,105.49
2021-01-04,109.87,163223.0,108.2,111.52,107.85
2021-01-05,113.94,170249.0,109.77,115.45,109.2
2021-01-06,115.4,206296.0,114.1,116.85,110.7
2021-01-07,117.24,116067.0,115.61,117.27,113.41
2021-01-08,117.46,161054.0,117.74,121.46,114.78
2021-01-11,118.53,139691.0,116.87,121.95,115.11
2021-01-12,120.58,155570.0,118.7,121.37,114.27
2021-01-13,114.52,204856.0,122.27,122.27,112.27
2021-01-14,113.91,146085.0,114.37,117.24,110.29
2021-01-15,111.83,154710.0,113.54,114.14,109.62
2021-01-18,115.28,128665.0,113.94,117.28,110.2
2021-01-19,115.1,144597.0,115.2,119.5,114.87
2021-01-20,124.09,174347.0,116.57,126.36,116.57
2021-01-21,128.95,171494.0,126.37,129.86,125.62
2021-01-22,142.28,245445.0,132.7,142.28,132.7
2021-01-25,149.03,184899.0,145.12,149.05,140.62
2021-01-26,139.42,224198.0,146.59,146.59,137.45
2021-01-27,136.66,162324.0,139.4,139.42,133.75
2021-01-28,133.12,230641.0,135.31,140.06,133.12
2021-01-29,134.23,196861.0,135.62,138.53,132.28
2021-02-01,138.37,166277.0,134.23,139.46,134.07
2021-02-02,140.62,135456.0,138.37,140.73,132.18
2021-02-03,144.6,166886.0,139.25,148.52,139.13
2021-02-04,139.89,127906.0,143.03,145.44,137.43
2021-02-05,142.47,111634.0,140.92,146.87,139.17
2021-02-08,143.12,117239.0,143.95,143.95,139.37
2021-02-09,147.31,111509.0,143.94,148.95,143.12
2021-02-10,149.78,128545.0,146.87,152.17,144.69
2021-02-18,138.87,261278.0,152.28,152.52,136.52
2021-02-19,139.77,138060.0,137.37,140.85,134.66
2021-02-22,126.7,316339.0,139.7,139.7,126.6
2021-02-23,124.78,205310.0,125.62,129.68,124.53
2021-02-24,119.22,266543.0,126.37,127.14,116.63
2021-02-25,118.28,167611.0,120.43,121.22,117.0
2021-02-26,115.35,199081.0,114.87,117.47,110.82
2021-03-01,119.5,218127.0,118.93,121.12,114.71
2021-03-02,113.95,251014.0,120.85,121.43,111.62
2021-03-03,117.04,144356.0,115.2,117.62,113.54
2021-03-04,111.02,222191.0,113.95,114.32,108.82
2021-03-05,108.6,252160.0,108.38,110.22,103.62
2021-03-08,99.87,300911.0,109.78,110.56,99.87
2021-03-09,100.79,326965.0,100.74,105.57,97.31
2021-03-10,107.27,258614.0,105.52,110.03,103.95
2021-03-11,111.87,259383.0,108.22,114.78,106.73
2021-03-12,112.15,188085.0,112.13,114.02,108.03
2021-03-15,103.29,341700.0,109.82,110.89,100.68
2021-03-16,104.37,209594.0,104.68,105.36,101.03
2021-03-17,104.2,200903.0,103.02,106.35,99.78
2021-03-18,107.27,173234.0,105.87,107.53,104.21
2021-03-19,100.87,215755.0,103.37,105.99,99.7
2021-03-22,99.2,250925.0,99.77,102.45,95.35
2021-03-23,98.37,143357.0,99.47,100.87,96.87
2021-03-24,98.38,285416.0,98.37,101.45,97.28
2021-03-25,103.83,278120.0,98.12,103.88,97.1
2021-03-26,109.08,396240.0,105.17,109.68,104.27
2021-03-29,109.5,236124.0,109.77,112.6,106.89
2021-03-30,115.09,246967.0,108.94,115.92,108.53
2021-03-31,112.45,218546.0,114.79,115.52,110.2
2021-04-01,116.05,168488.0,112.7,116.18,111.95
2021-04-02,118.02,176367.0,116.18,118.95,114.77
2021-04-06,113.4,192377.0,116.45,118.11,111.45
2021-04-07,113.66,128635.0,114.33,114.67,112.02
2021-04-08,117.45,179029.0,113.96,117.47,112.44
2021-04-09,111.94,191575.0,117.12,117.12,110.95
2021-04-12,106.22,247422.0,109.95,112.78,105.45
2021-04-13,107.7,178207.0,107.28,109.38,106.24
2021-04-14,108.53,172590.0,109.27,110.61,105.2
2021-04-15,107.7,140281.0,108.95,110.08,105.21
2021-04-16,107.82,143982.0,109.12,109.36,105.62
2021-04-19,108.95,228838.0,108.1,109.7,106.1
2021-04-20,112.28,241099.0,108.12,114.17,107.42
2021-04-21,113.49,166589.0,112.02,113.53,109.46
2021-04-22,112.77,139529.0,114.61,114.78,112.37
2021-04-23,120.72,240228.0,112.03,121.02,111.95
2021-04-26,118.27,245812.0,122.87,124.03,117.71
2021-04-27,122.37,172231.0,118.92,123.12,117.83
2021-04-28,125.89,206913.0,121.95,125.9,120.6
2021-04-29,128.95,204979.0,125.89,128.95,123.95
2021-04-30,127.91,237650.0,129.82,132.18,126.28
2021-05-06,119.86,361739.0,123.2,123.95,115.85
2021-05-07,114.86,255908.0,119.85,122.25,113.84
2021-05-10,117.62,231989.0,113.62,119.82,112.54
2021-05-11,120.6,216819.0,116.4,121.12,114.52
2021-05-12,123.27,166202.0,118.95,124.37,118.95
2021-05-13,123.95,174816.0,121.95,124.14,120.2
2021-05-14,123.28,213692.0,123.95,125.62,120.59
2021-05-17,130.14,261169.0,123.53,130.54,123.53
2021-05-18,129.85,138417.0,129.37,130.59,127.28
2021-05-19,127.78,129303.0,128.95,130.2,127.28
2021-05-20,128.62,163934.0,127.32,129.12,126.7
2021-05-21,131.79,247488.0,129.52,133.38,128.12
2021-05-24,132.37,233128.0,132.7,133.12,127.28
2021-05-25,136.45,306571.0,133.12,137.57,133.12
2021-05-26,135.31,134139.0,135.24,136.51,134.49
2021-05-27,136.62,171530.0,135.61,138.53,134.25
2021-05-28,132.47,228917.0,136.45,138.77,130.87
2021-05-31,134.95,147646.0,132.28,135.36,132.27
2021-06-01,142.12,242821.0,135.32,143.66,135.32
2021-06-02,142.22,168892.0,143.12,146.44,140.62
2021-06-03,140.91,118943.0,142.23,143.28,139.78
2021-06-04,144.19,158282.0,139.53,145.17,139.28
2021-06-07,142.15,162629.0,143.66,144.17,137.87
2021-06-08,140.92,209169.0,142.15,145.92,137.43
2021-06-09,141.79,180467.0,138.92,141.99,135.92
2021-06-10,145.72,215378.0,142.9,146.17,140.02
2021-06-11,141.94,206459.0,146.36,146.36,141.42
2021-06-15,139.88,298464.0,140.97,144.37,138.42
2021-06-16,131.92,335488.0,139.95,140.76,130.82
2021-06-17,131.92,217196.0,131.68,133.9,130.69
2021-06-18,135.92,229546.0,132.8,138.29,132.43
2021-06-21,141.92,256738.0,137.88,142.62,135.82
2021-06-22,147.78,317984.0,141.42,149.24,138.52
2021-06-23,149.17,279810.0,147.8,152.92,147.02
2021-06-24,147.52,208016.0,150.62,151.42,144.32
2021-06-25,152.52,191429.0,148.52,152.72,146.62
2021-06-28,153.43,171766.0,153.62,156.71,151.92
2021-06-29,153.89,136848.0,155.64,156.21,151.92
2021-06-30,152.51,157751.0,153.8,155.82,150.92
2021-07-01,163.92,263926.0,153.92,164.73,153.81
2021-07-02,150.97,301597.0,161.81,161.82,149.93
2021-07-05,149.8,285786.0,147.99,154.33,146.32
2021-07-06,141.95,474408.0,149.92,149.92,135.72
2021-07-07,152.53,378750.0,141.41,155.02,139.92
2021-07-08,147.92,228272.0,154.11,156.45,147.43
2021-07-09,146.7,200981.0,147.53,149.92,141.8
2021-07-12,156.62,301605.0,145.69,157.98,142.06
2021-07-13,153.72,182377.0,154.62,158.62,151.69
2021-07-14,157.13,265504.0,153.55,163.37,152.13
2021-07-15,160.92,170865.0,156.92,160.97,155.93
2021-07-16,161.02,273161.0,164.92,168.41,158.93
2021-07-19,163.77,175233.0,161.88,165.1,159.72
2021-07-20,161.37,154518.0,162.52,165.58,158.02
2021-07-21,162.72,148041.0,162.47,163.69,160.12
2021-07-22,157.86,184029.0,163.8,163.81,156.42
2021-07-23,149.92,303926.0,155.92,158.17,149.15
2021-07-26,144.66,341789.0,147.92,150.21,139.05
2021-07-27,140.52,334801.0,139.82,147.92,139.05
2021-07-28,148.72,338855.0,138.95,148.92,138.94
2021-07-29,151.9,254718.0,151.07,153.84,148.93
2021-07-30,145.92,212619.0,150.43,150.77,144.53
2021-08-02,148.72,285531.0,143.92,149.3,138.72
2021-08-03,154.8,263651.0,150.62,156.17,144.92
2021-08-04,154.8,257776.0,154.13,158.12,151.66
2021-08-05,156.87,239128.0,154.92,159.8,151.93
2021-08-06,143.12,501504.0,154.41,155.9,141.41
2021-08-09,138.7,329381.0,137.92,142.42,136.02
2021-08-10,141.58,247134.0,138.7,141.79,135.92
2021-08-11,139.42,140818.0,141.91,141.91,138.6
2021-08-12,135.12,439677.0,137.92,139.42,130.62
2021-08-13,134.66,308647.0,135.92,137.92,132.65
2021-08-16,132.4,215389.0,133.8,134.65,131.44
2021-08-17,125.87,399631.0,132.92,134.69,122.58
2021-08-18,124.54,265802.0,125.82,128.61,123.25
2021-08-19,126.67,246796.0,124.55,127.5,123.57
2021-08-20,118.92,462918.0,123.93,124.02,117.02
2021-08-23,119.91,351014.0,120.52,122.0,117.42
2021-08-24,126.79,541311.0,121.92,128.52,121.42
2021-08-25,128.3,320934.0,126.55,129.81,125.32
2021-08-26,121.74,278877.0,126.93,127.9,120.92
2021-08-27,125.86,308664.0,120.8,129.02,120.52
2021-08-30,126.37,259694.0,127.92,130.47,125.31
2021-08-31,128.72,256685.0,127.92,131.8,126.54
2021-09-01,128.7,289715.0,126.72,130.92,121.75
2021-09-02,124.44,295171.0,128.69,131.6,122.94
2021-09-03,129.62,306728.0,124.41,131.02,122.72
2021-09-06,136.56,370944.0,129.94,139.38,129.92
2021-09-07,137.12,213793.0,136.72,137.59,133.95
2021-09-08,135.83,191022.0,137.92,138.62,133.62
2021-09-09,136.7,127157.0,136.15,138.79,134.92
2021-09-10,136.72,179348.0,136.43,137.22,133.42
2021-09-13,132.24,208795.0,135.41,138.7,131.02
2021-09-14,137.88,272153.0,132.25,139.8,132.25
2021-09-15,137.65,289931.0,137.12,144.12,136.42
2021-09-16,140.08,272397.0,136.1,141.8,134.42
2021-09-17,148.32,364024.0,139.12,149.2,136.72
2021-09-22,149.31,220896.0,146.52,154.8,145.92
2021-09-23,146.22,241241.0,149.31,150.95,144.92
2021-09-24,146.8,178917.0,145.42,149.11,144.62
2021-09-27,147.52,234231.0,146.52,150.6,145.02
2021-09-28,146.9,166705.0,146.02,149.42,144.02
2021-09-29,146.02,149996.0,144.92,148.0,144.1
2021-09-30,148.72,171374.0,145.43,150.42,144.67
2021-10-08,145.54,219211.0,149.92,152.72,144.9
2021-10-11,137.78,296777.0,143.92,146.8,137.58
2021-10-12,138.95,188478.0,137.92,141.82,136.73
2021-10-13,144.92,157067.0,139.92,145.64,138.12
2021-10-14,139.79,209264.0,145.38,145.78,137.8
2021-10-15,141.25,156447.0,138.8,142.6,137.43
2021-10-18,139.62,160077.0,140.49,142.27,137.74
2021-10-19,140.92,157271.0,139.8,143.8,139.36
2021-10-20,136.41,249562.0,140.97,142.68,135.32
2021-10-21,137.12,134359.0,135.97,138.51,135.42
2021-10-22,135.7,205380.0,137.17,138.37,131.97
2021-10-25,135.22,155832.0,134.92,136.82,134.58
2021-10-26,134.72,147256.0,135.21,137.48,133.63
2021-10-27,131.49,185453.0,134.72,135.71,130.5
2021-10-28,130.17,206787.0,129.92,132.78,128.64
2021-10-29,133.93,186345.0,129.97,134.27,128.53
2021-11-01,126.1,432236.0,137.3,137.5,125.85
2021-11-02,127.69,292516.0,126.92,130.38,126.1
2021-11-03,128.35,207591.0,128.37,130.67,126.37
2021-11-04,122.41,479866.0,128.42,129.75,120.92
2021-11-05,122.32,251008.0,122.87,124.51,121.55
2021-11-08,118.82,405853.0,123.68,125.26,117.42
2021-11-09,122.9,306372.0,119.12,123.48,118.33
2021-11-10,124.34,278763.0,122.42,124.68,120.38
2021-11-11,126.03,246764.0,124.35,128.92,123.72
2021-11-12,124.82,127887.0,126.03,126.91,123.95
2021-11-15,127.28,190667.0,125.02,128.03,124.47
2021-11-16,132.4,308057.0,127.91,133.42,127.43
2021-11-17,132.47,231825.0,134.92,138.58,131.95
2021-11-18,126.92,224834.0,131.58,131.58,126.28
2021-11-19,126.22,192875.0,125.82,127.52,124.52
2021-11-22,124.72,194862.0,126.23,126.91,123.82
2021-11-23,125.89,172032.0,124.02,126.58,124.02
2021-11-24,128.9,213838.0,125.12,129.22,124.42
2021-11-25,130.73,165985.0,128.52,131.71,127.79
2021-11-26,135.58,312921.0,132.92,137.39,132.92
2021-11-29,138.92,302377.0,139.52,141.92,137.42
2021-11-30,139.92,173371.0,137.92,140.44,136.92
2021-12-01,142.24,212862.0,140.62,144.72,139.2
2021-12-02,137.52,218990.0,141.69,141.79,136.18
2021-12-03,137.72,141778.0,137.72,140.5,136.51
2021-12-06,132.64,190962.0,137.02,137.02,131.91
2021-12-07,132.6,132912.0,133.17,134.52,131.74
2021-12-08,135.42,156345.0,133.12,136.02,132.6
2021-12-09,137.33,196340.0,136.0,139.52,133.27
2021-12-10,135.82,146182.0,135.6,137.21,134.47
2021-12-13,131.2,234536.0,135.78,136.1,130.92
2021-12-14,133.72,170275.0,131.21,133.87,131.21
2021-12-15,119.94,497202.0,132.93,133.02,119.94
2021-12-16,120.88,816183.0,115.72,122.38,114.95
2021-12-17,120.72,538427.0,122.92,126.54,120.5
2021-12-20,110.3,649641.0,118.93,118.93,109.8
2021-12-21,113.92,355002.0,110.82,114.8,110.82
2021-12-22,111.66,224025.0,112.92,114.5,110.92
2021-12-23,110.88,211198.0,112.82,113.92,110.26
2021-12-24,107.95,269168.0,110.92,111.17,106.8
2021-12-27,110.11,239177.0,108.12,110.22,106.72
2021-12-28,115.02,438050.0,109.12,115.9,108.52
2021-12-29,115.11,269864.0,114.1,118.74,113.91
2021-12-30,115.93,173291.0,115.11,117.42,112.8
2021-12-31,114.5,172073.0,116.29,117.07,113.6
2022-01-04,104.72,631802.0,110.92,111.12,102.67
2022-01-05,105.68,369692.0,103.72,106.6,103.01
2022-01-06,104.03,258906.0,104.42,107.28,103.43
2022-01-07,104.8,217579.0,104.22,105.58,103.07
2022-01-10,107.93,263606.0,103.92,109.05,100.92
2022-01-11,112.41,300749.0,107.42,113.19,107.41
2022-01-12,112.82,216783.0,112.38,114.24,110.96
2022-01-13,111.75,187350.0,112.82,115.26,111.72
2022-01-14,109.9,165711.0,110.61,113.12,109.82
2022-01-17,110.08,209382.0,109.9,111.72,107.58
2022-01-18,113.72,228251.0,110.05,115.5,109.02
2022-01-19,107.92,400946.0,115.42,116.38,106.19
2022-01-20,106.92,186598.0,107.4,109.42,106.32
2022-01-21,103.61,281154.0,106.26,106.26,101.99
2022-01-24,107.82,228107.0,102.08,108.24,101.98
2022-01-25,105.62,130241.0,107.02,108.75,105.62
2022-01-26,100.14,338716.0,106.72,107.72,98.1
2022-01-27,99.14,225692.0,98.42,101.44,98.42
2022-01-28,100.72,222246.0,99.91,103.0,97.52
2022-02-07,100.42,178911.0,103.42,105.21,99.96
2022-02-08,89.98,417418.0,90.92,90.92,89.97
2022-02-09,88.65,587234.0,88.92,89.8,85.42
2022-02-10,81.78,808201.0,87.23,87.6,80.92
2022-02-11,78.99,616549.0,80.02,82.17,77.74
2022-02-14,81.22,510682.0,78.32,82.58,78.32
2022-02-15,89.75,616593.0,81.23,89.75,80.98
2022-02-16,93.65,595239.0,92.02,95.92,91.92
2022-02-17,94.32,302012.0,93.25,95.05,91.74
2022-02-18,94.17,213703.0,94.09,94.72,91.42
2022-02-21,94.12,204087.0,97.12,98.03,92.49
2022-02-22,92.72,199257.0,92.92,94.17,91.05
2022-02-23,95.58,205018.0,92.79,96.54,92.42
2022-02-24,94.62,292692.0,94.92,98.92,92.92
2022-02-25,99.32,353318.0,96.59,102.12,96.59
2022-02-28,99.85,184600.0,99.42,101.27,98.36
2022-03-01,101.67,187797.0,100.58,102.85,98.82
2022-03-02,99.64,180340.0,100.92,101.3,98.42
2022-03-03,98.71,141548.0,100.92,100.93,96.97
2022-03-04,97.83,183750.0,96.47,99.06,95.33
2022-03-07,95.02,204403.0,96.58,96.81,93.33
2022-03-08,94.1,211353.0,95.66,98.91,93.5
2022-03-09,89.72,406985.0,94.02,94.87,84.52
2022-03-10,98.55,364343.0,95.72,99.1,95.32
2022-03-11,94.63,354935.0,95.84,96.92,91.33
2022-03-14,92.55,238541.0,93.62,96.42,91.72
2022-03-15,89.09,319892.0,88.92,94.08,86.93
2022-03-16,97.49,403155.0,90.94,98.32,90.03
2022-03-17,102.83,450399.0,101.91,105.12,99.92
2022-03-18,99.54,292348.0,102.3,102.3,99.23
2022-03-21,101.62,205521.0,102.25,103.12,99.05
2022-03-22,98.84,176827.0,100.82,101.61,98.01
2022-03-23,106.3,305735.0,100.12,107.06,99.31
2022-03-24,112.92,493755.0,104.75,115.89,102.05
2022-03-25,105.78,375970.0,111.92,113.92,105.27
2022-03-28,107.29,254108.0,105.38,108.85,104.77
2022-03-29,107.69,162225.0,107.27,109.4,105.92
2022-03-30,109.37,192153.0,107.92,110.25,106.51
2022-03-31,108.3,190353.0,109.36,109.72,105.72
2022-04-01,104.99,197214.0,105.97,106.87,103.31
2022-04-06,104.01,182358.0,107.92,108.64,102.69
2022-04-07,102.73,143321.0,102.42,105.22,101.73
2022-04-08,100.92,172897.0,102.8,104.45,99.72
2022-04-11,99.7,233094.0,100.5,102.45,98.92
2022-04-12,102.33,262653.0,99.72,102.86,98.58
2022-04-13,97.7,233203.0,101.12,101.12,95.73
2022-04-14,102.25,185330.0,98.8,103.12,97.72
2022-04-15,105.03,180392.0,100.92,107.28,99.92
2022-04-18,103.02,96623.0,103.72,105.11,102.52
2022-04-19,98.69,151203.0,102.92,103.91,97.93
2022-04-20,96.79,165252.0,98.69,100.62,95.37
2022-04-21,92.54,254440.0,95.8,97.42,91.77
2022-04-22,97.52,228799.0,92.42,98.16,91.6
2022-04-25,93.79,187983.0,95.92,98.42,93.72
2022-04-26,98.37,263082.0,94.42,101.28,94.42
2022-04-27,99.97,201924.0,97.92,100.8,95.92
2022-04-28,99.2,130086.0,100.08,100.4,97.4
2022-04-29,99.15,197508.0,98.41,100.31,96.06
2022-05-05,93.97,310406.0,99.03,99.62,92.82
2022-05-06,90.32,191196.0,91.97,93.3,89.97
2022-05-09,89.55,109448.0,89.97,91.42,89.14
2022-05-10,93.4,209036.0,87.88,94.57,87.1
2022-05-11,96.57,249608.0,93.32,98.82,92.03
2022-05-12,97.2,117195.0,95.91,97.82,94.93
2022-05-13,96.81,89912.0,98.33,99.32,96.15
2022-05-16,94.73,124280.0,95.97,97.92,94.13
2022-05-17,95.29,131445.0,94.66,95.44,92.92
2022-05-18,92.24,269424.0,95.72,95.79,89.15
2022-05-19,91.83,128646.0,90.3,92.32,90.17
2022-05-20,94.44,187220.0,92.61,95.91,92.2
2022-05-23,93.43,112877.0,95.02,95.28,93.02
2022-05-24,88.17,298533.0,93.44,93.44,87.52
2022-05-25,87.25,182879.0,88.01,88.91,86.52
2022-05-26,84.02,329214.0,88.36,88.36,83.05
2022-05-27,88.4,474627.0,86.02,91.92,85.92
2022-05-30,88.72,222026.0,88.42,89.72,86.17
2022-05-31,91.23,330353.0,88.82,92.38,86.75
2022-06-01,89.37,246934.0,90.92,91.96,88.87
2022-06-02,86.56,358182.0,88.33,88.77,85.8
2022-06-06,94.9,487221.0,88.77,95.02,87.13
2022-06-07,96.36,386919.0,94.91,97.82,93.21
2022-06-08,100.92,477148.0,97.92,103.62,97.23
2022-06-09,99.06,214965.0,101.02,102.13,98.55
2022-06-10,99.27,227803.0,97.94,99.61,97.17
2022-06-13,89.44,692996.0,91.65,93.13,88.99
2022-06-14,90.94,357567.0,87.45,91.53,87.45
2022-06-15,92.07,281371.0,90.44,93.73,90.23
2022-06-16,92.12,213197.0,92.44,94.6,91.45
2022-06-17,92.44,295274.0,92.1,93.44,89.44
2022-06-20,94.34,248704.0,92.44,95.94,92.44
2022-06-21,94.12,202993.0,94.94,95.8,92.91
2022-06-22,90.19,324911.0,94.42,94.42,89.63
2022-06-23,90.9,255903.0,90.25,91.24,88.89
2022-06-24,99.11,538997.0,91.54,99.27,91.5
2022-06-27,99.9,362002.0,100.54,103.35,99.08
2022-06-28,98.59,235005.0,99.44,100.04,96.67
2022-06-29,97.87,219588.0,97.64,101.29,96.62
2022-06-30,100.43,256478.0,97.04,102.23,97.04
2022-07-01,99.24,186853.0,100.43,101.72,98.02
2022-07-04,105.55,464342.0,100.54,106.36,99.59
2022-07-05,109.92,666010.0,106.64,113.69,102.45
2022-07-06,109.48,455138.0,109.0,114.84,108.22
2022-07-07,106.14,319008.0,108.69,108.89,103.44
2022-07-08,106.64,233670.0,107.01,109.81,105.92
2022-07-11,104.44,169904.0,106.42,106.44,102.96
2022-07-12,102.24,304600.0,108.54,108.76,101.06
2022-07-13,102.38,218328.0,100.74,103.99,100.74
2022-07-14,104.19,243853.0,102.04,105.97,101.44
2022-07-15,101.44,197588.0,103.9,105.1,101.12
2022-07-18,99.52,310624.0,102.44,102.44,96.83
2022-07-19,98.0,233847.0,99.66,101.02,96.44
2022-07-20,98.86,178106.0,98.66,100.41,98.25
2022-07-21,98.6,152740.0,98.64,99.97,97.24
2022-07-22,98.96,182866.0,99.8,100.46,98.25
2022-07-25,97.38,179621.0,98.24,98.61,96.35
2022-07-26,98.0,152490.0,97.04,98.12,96.54
2022-07-27,92.8,591481.0,97.44,97.44,91.25
2022-07-28,92.63,297974.0,92.8,93.76,91.49
2022-07-29,89.84,354493.0,92.42,92.42,89.44
2022-08-01,90.07,224302.0,89.84,90.9,88.66
2022-08-02,88.46,271791.0,88.94,89.54,87.08
2022-08-03,89.08,212552.0,88.64,90.15,87.66
2022-08-04,91.8,308374.0,89.64,92.37,88.92
2022-08-05,92.18,282188.0,92.32,94.12,91.17
2022-08-08,90.54,241165.0,91.42,92.04,89.44
2022-08-09,90.19,170540.0,90.05,90.29,88.52
2022-08-10,87.59,288900.0,89.74,90.16,86.79
2022-08-11,90.95,326850.0,88.71,91.44,87.69
2022-08-12,91.18,171024.0,90.72,91.94,89.79
2022-08-15,90.91,156843.0,91.18,91.74,90.04
2022-08-16,87.44,507361.0,90.84,90.84,87.01
2022-08-17,88.38,213583.0,87.59,88.84,87.46
2022-08-18,87.23,234912.0,88.04,89.09,86.57
2022-08-19,86.85,194507.0,86.67,87.18,85.72
2022-08-22,87.66,199024.0,86.32,87.99,85.85
2022-08-23,85.49,333594.0,87.44,87.64,84.47
2022-08-24,84.24,193187.0,85.02,86.09,83.89
2022-08-25,85.09,161200.0,84.43,85.21,83.34
2022-08-26,85.99,200640.0,85.44,86.93,84.67
2022-08-29,84.96,135219.0,84.44,85.1,84.04
2022-08-30,83.79,200137.0,84.78,85.44,82.85
2022-08-31,86.09,315910.0,83.14,87.24,82.94
2022-09-01,84.19,195073.0,85.46,86.42,83.8
2022-09-02,82.69,210833.0,84.32,84.63,81.94
2022-09-05,80.24,276905.0,82.37,82.63,79.46
2022-09-06,80.65,205189.0,81.15,81.49,79.64
2022-09-07,80.68,288225.0,79.94,80.77,78.29
2022-09-08,79.18,161214.0,80.59,81.38,79.02
2022-09-09,81.27,277801.0,81.44,82.44,80.19
2022-09-13,72.79,746735.0,78.32,78.32,72.79
2022-09-14,71.76,406801.0,68.99,72.99,68.96
2022-09-15,73.25,418231.0,73.73,75.31,73.02
2022-09-16,70.18,270727.0,72.59,73.59,70.18
2022-09-19,70.04,215493.0,70.46,71.24,69.21
2022-09-20,70.49,174339.0,70.15,70.69,68.76
2022-09-21,68.34,219493.0,70.11,70.87,68.2
2022-09-22,66.59,285439.0,66.94,67.89,66.16
2022-09-23,65.86,242022.0,66.57,67.72,65.19
2022-09-26,66.91,243767.0,65.44,68.09,65.32
2022-09-27,68.68,297641.0,66.91,69.44,65.94
2022-09-28,67.24,207824.0,68.25,69.31,67.0
2022-09-29,68.99,338549.0,68.32,71.24,67.44
2022-09-30,68.13,182994.0,69.34,69.61,67.54
2022-10-10,65.59,291140.0,70.35,70.94,65.28
2022-10-11,65.84,173231.0,65.59,65.95,63.64
2022-10-12,66.24,226669.0,65.89,66.48,63.65
2022-10-13,70.04,471437.0,67.54,71.99,66.94
2022-10-14,77.4,572998.0,70.84,77.4,70.04
2022-10-17,78.84,582952.0,78.43,80.79,77.45
2022-10-18,78.28,336409.0,78.85,79.43,76.59
2022-10-19,76.59,313863.0,77.73,77.73,75.44
2022-10-20,75.3,302968.0,75.44,77.62,75.18
2022-10-21,73.35,331324.0,74.95,75.94,73.02
2022-10-24,70.67,346673.0,73.56,74.14,69.99
2022-10-25,69.64,259135.0,70.64,71.42,68.71
2022-10-26,74.64,573924.0,70.06,76.84,70.06
2022-10-27,74.94,539082.0,76.44,77.85,73.44
2022-10-28,74.83,385386.0,74.92,77.34,73.57
2022-10-31,72.84,265950.0,73.64,74.21,71.32
2022-11-01,77.44,436940.0,73.42,77.54,72.29
2022-11-02,77.57,405676.0,76.44,79.01,75.6
2022-11-03,77.67,246113.0,76.46,79.1,76.05
2022-11-04,80.44,341847.0,77.56,80.79,77.21
2022-11-07,82.62,334440.0,79.44,82.96,79.08
2022-11-08,80.09,266996.0,81.96,81.96,79.23
2022-11-09,78.97,164658.0,79.44,80.43,78.82
2022-11-10,78.71,151801.0,78.29,80.61,78.09
2022-11-11,81.8,535267.0,82.94,84.39,81.02
2022-11-14,83.6,342262.0,82.6,84.9,81.54
2022-11-15,83.77,263657.0,83.15,83.94,81.02
2022-11-16,84.69,294494.0,83.43,86.72,82.97
2022-11-17,82.39,293780.0,83.9,84.17,80.66
2022-11-18,82.95,226793.0,82.26,85.04,82.1
2022-11-21,81.89,190299.0,81.97,82.26,80.02
2022-11-22,80.24,181501.0,81.87,83.45,79.63
2022-11-23,78.45,235836.0,79.89,80.59,77.35
2022-11-24,78.62,109360.0,79.05,80.03,78.0
2022-11-25,78.38,113181.0,78.44,78.74,76.7
2022-11-28,72.51,473184.0,71.44,73.44,70.19
2022-11-29,74.64,330733.0,72.99,75.77,72.54
2022-11-30,74.44,171308.0,74.29,75.11,73.64
2022-12-01,76.44,182884.0,75.74,77.33,75.44
2022-12-02,74.14,177758.0,76.34,76.34,73.95
2022-12-05,74.84,151459.0,75.34,75.53,74.04
2022-12-06,74.65,178101.0,74.83,76.93,74.23
2022-12-07,75.32,133741.0,74.44,76.37,74.31
2022-12-08,76.48,164143.0,75.05,77.22,74.25
2022-12-09,76.44,209962.0,76.52,77.43,75.32
2022-12-12,77.15,145903.0,76.45,77.93,76.14
2022-12-13,75.24,124167.0,77.15,77.24,75.05
2022-12-14,75.08,116774.0,75.25,76.24,74.75
2022-12-15,74.69,129552.0,74.76,75.33,73.57
2022-12-16,75.52,119758.0,75.14,75.99,74.3
2022-12-19,73.72,109660.0,74.96,75.51,73.56
2022-12-20,71.75,130365.0,73.32,74.19,71.44
2022-12-21,71.62,82064.0,72.25,72.74,71.54
2022-12-22,73.44,172570.0,72.44,74.89,71.54
2022-12-23,73.46,96366.0,73.2,74.44,72.04
2022-12-26,74.15,87174.0,73.84,74.54,73.14
2022-12-27,75.38,136153.0,74.54,76.09,74.29
2022-12-28,75.57,143514.0,75.22,76.86,74.26
2022-12-29,77.38,239859.0,74.77,78.54,74.64
2022-12-30,77.44,157083.0,77.04,78.4,77.04
2023-01-03,78.13,181707.0,77.3,78.85,75.85
2023-01-04,79.04,173547.0,78.74,80.24,78.44
2023-01-05,84.41,427766.0,80.12,85.71,79.15
2023-01-06,84.01,247861.0,83.85,84.62,83.07
2023-01-09,85.83,235511.0,84.09,87.09,83.94
2023-01-10,85.97,148120.0,86.44,86.83,85.04
2023-01-11,86.0,195201.0,85.9,88.22,85.83
2023-01-12,87.36,200450.0,87.17,89.02,86.74
2023-01-13,87.44,197490.0,87.54,87.84,86.17
2023-01-16,94.62,501666.0,87.55,96.34,87.34
2023-01-17,92.1,326387.0,94.44,95.14,90.76
2023-01-18,91.17,137317.0,91.67,91.94,90.32
2023-01-19,93.93,288929.0,90.98,95.24,89.92
2023-01-20,93.94,159158.0,93.64,95.94,93.04
2023-01-30,92.78,213055.0,96.44,96.44,92.52
2023-01-31,89.69,235885.0,93.04,94.79,89.47
2023-02-01,90.32,161939.0,89.79,90.42,88.45
2023-02-02,91.44,205555.0,90.59,93.87,89.24
2023-02-03,90.24,110656.0,90.67,91.4,89.42
2023-02-06,87.88,247299.0,89.04,89.05,85.95
2023-02-07,88.14,129812.0,88.36,89.68,87.13
2023-02-08,87.17,118062.0,88.44,89.83,86.99
2023-02-09,87.76,100842.0,86.52,88.04,86.44
2023-02-10,86.21,156139.0,87.7,87.94,85.32
2023-02-13,85.74,188009.0,85.44,87.54,84.56
2023-02-14,85.52,142694.0,85.66,86.28,84.38
2023-02-15,83.39,200283.0,85.65,85.83,82.94
2023-02-16,82.54,179908.0,83.84,84.62,82.01
2023-02-17,81.65,155069.0,82.24,83.34,81.54
2023-02-20,82.66,189017.0,82.02,82.73,80.63
2023-02-21,81.7,157963.0,82.66,82.9,81.12
2023-02-22,80.34,150439.0,80.96,81.54,80.18
2023-02-23,80.52,149751.0,79.74,81.82,79.74
2023-02-24,79.1,152491.0,80.5,80.51,78.99
2023-02-27,78.34,156228.0,78.74,79.94,78.0
2023-02-28,79.12,142977.0,78.34,79.2,78.05
2023-03-01,80.26,252480.0,78.79,80.5,77.45
2023-03-02,79.89,138773.0,80.27,80.45,79.34
2023-03-03,79.69,220031.0,80.42,81.98,79.57
2023-03-06,78.44,222873.0,79.45,80.06,77.94
2023-03-07,77.64,176907.0,78.44,79.73,77.47
2023-03-08,76.39,180974.0,76.94,77.33,75.94
2023-03-09,77.19,165599.0,76.64,77.96,76.55
2023-03-10,76.66,175742.0,76.24,77.61,75.27
2023-03-13,75.41,250036.0,76.43,76.44,74.29
2023-03-14,75.46,165996.0,75.07,76.66,74.71
2023-03-15,74.74,170474.0,76.12,77.15,74.61
2023-03-16,72.71,260539.0,74.14,74.79,72.33
2023-03-17,70.59,351859.0,73.32,73.44,70.32
2023-03-20,70.44,307928.0,71.02,71.65,69.23
2023-03-21,76.7,565240.0,71.5,76.95,71.49
2023-03-22,77.74,386695.0,76.92,78.91,76.54
2023-03-23,76.72,280614.0,77.16,78.95,76.13
2023-03-24,76.58,203401.0,76.45,78.34,76.32
2023-03-27,78.47,358990.0,77.41,79.45,75.15
2023-03-28,77.66,178525.0,78.44,78.44,77.02
2023-03-29,76.58,169543.0,78.39,78.39,76.42
2023-03-30,77.93,201100.0,76.75,78.22,75.94
2023-03-31,75.94,295479.0,77.94,78.13,75.18
2023-04-03,74.3,325755.0,75.62,75.62,73.52
2023-04-04,74.24,354267.0,74.44,74.54,72.34
2023-04-06,75.04,214268.0,73.94,75.1,73.32
2023-04-07,80.26,477282.0,74.94,80.43,74.32
2023-04-10,81.05,352975.0,80.86,81.9,79.86
2023-04-11,80.24,259074.0,81.44,81.83,78.86
2023-04-12,79.37,189288.0,80.17,80.71,78.72
2023-04-13,82.62,444085.0,79.38,82.96,78.05
2023-04-14,82.24,407254.0,83.32,85.27,81.66
2023-04-17,82.06,222422.0,81.53,83.37,80.94
2023-04-18,77.26,529235.0,77.47,78.17,75.45
2023-04-19,75.8,329532.0,76.73,77.64,75.18
2023-04-20,74.57,265044.0,75.8,77.02,73.99
2023-04-21,72.85,230335.0,74.19,74.59,72.74
2023-04-24,71.44,258920.0,73.44,73.94,70.82
2023-04-25,63.94,721630.0,71.45,71.45,63.94
2023-04-26,64.77,380251.0,63.33,65.63,62.95
2023-04-27,63.56,314549.0,64.77,65.15,62.84
2023-04-28,63.97,242069.0,63.66,64.94,63.24
2023-05-04,63.7,201998.0,64.15,64.72,63.52
2023-05-05,62.91,155399.0,63.64,63.64,62.44
2023-05-08,64.16,262815.0,62.91,64.81,62.09
2023-05-09,62.93,182604.0,63.45,63.78,62.48
2023-05-10,63.04,180746.0,62.69,63.55,61.6
2023-05-11,64.23,315143.0,63.54,65.54,62.98
2023-05-12,62.66,189413.0,63.99,64.44,62.5
2023-05-15,65.47,253161.0,62.44,65.64,62.26
2023-05-16,65.28,158137.0,65.31,65.66,64.49
2023-05-17,64.24,136528.0,65.15,65.15,63.91
2023-05-18,63.26,143259.0,64.24,64.59,62.96
2023-05-19,63.64,129924.0,63.18,64.09,62.44
2023-05-22,64.84,201707.0,64.24,65.32,63.33
2023-05-23,65.62,239689.0,64.79,66.89,64.74
2023-05-24,65.24,171685.0,65.19,66.19,64.94
2023-05-25,64.26,166109.0,64.94,65.46,63.71
2023-05-26,62.46,196584.0,64.25,64.25,62.44
2023-05-29,63.23,184191.0,63.0,63.32,62.1
2023-05-30,62.94,225817.0,62.76,63.49,60.7
2023-05-31,61.44,290613.0,62.74,63.54,60.56
2023-06-01,63.54,354103.0,60.94,64.6,60.74
2023-06-02,64.28,214216.0,64.04,64.91,62.44
2023-06-05,62.53,195835.0,64.28,64.28,62.04
2023-06-06,60.89,176578.0,62.54,62.7,60.88
2023-06-07,59.72,218790.0,61.53,61.62,59.32
2023-06-08,60.55,192728.0,59.62,61.15,58.86
2023-06-09,63.88,416579.0,60.55,63.93,60.24
2023-06-12,64.15,230518.0,63.79,65.04,63.02
2023-06-13,65.25,190818.0,64.38,65.71,64.29
2023-06-14,64.99,162756.0,65.57,65.9,64.68
2023-06-15,68.23,343994.0,65.38,68.44,65.34
2023-06-16,69.14,290553.0,68.26,69.78,68.24
2023-06-19,67.13,226935.0,68.82,69.12,66.92
2023-06-20,66.28,268298.0,67.13,68.16,66.28
2023-06-21,60.63,660267.0,65.58,66.0,60.21
2023-06-26,61.44,249490.0,60.02,62.29,59.83
2023-06-27,61.03,163190.0,61.4,62.07,60.57
2023-06-28,59.97,177415.0,61.06,61.18,59.73
2023-06-29,59.15,185082.0,60.03,60.31,58.57
2023-06-30,59.64,148663.0,59.16,60.07,58.85
2023-07-03,61.02,182457.0,59.65,61.3,59.22
2023-07-04,62.18,272890.0,60.91,62.64,59.59
2023-07-05,61.87,114994.0,61.89,62.21,61.2
2023-07-06,60.81,142568.0,61.83,61.83,60.44
2023-07-07,60.34,116367.0,60.51,61.01,60.13
2023-07-10,60.93,148614.0,60.93,62.08,60.7
2023-07-11,61.23,102317.0,61.16,61.43,60.13
2023-07-12,60.73,114687.0,61.0,61.47,60.54
2023-07-13,64.46,424483.0,61.28,64.73,61.28
2023-07-14,64.99,206725.0,64.47,65.62,64.25
2023-07-17,63.19,162012.0,64.35,64.42,62.33
2023-07-18,65.35,273259.0,63.75,65.59,62.99
2023-07-19,65.2,138348.0,65.33,65.82,64.74
2023-07-20,64.97,137782.0,65.66,66.1,64.97
2023-07-21,65.13,166092.0,64.96,66.21,64.43
2023-07-24,65.06,198814.0,64.43,67.16,64.43
2023-07-25,65.48,191494.0,65.95,66.32,64.35
2023-07-26,66.52,206473.0,65.83,67.46,65.48
2023-07-27,66.63,171859.0,66.34,67.45,65.85
2023-07-28,66.61,228022.0,66.04,66.99,64.6
2023-07-31,69.0,452639.0,67.14,71.13,67.14
2023-08-01,72.31,543052.0,72.11,72.83,71.31
2023-08-02,71.13,265334.0,72.61,72.73,70.6
2023-08-03,74.38,435760.0,71.03,74.55,70.61
2023-08-04,72.89,293622.0,74.63,74.7,72.13
2023-08-07,71.3,300774.0,72.31,72.56,70.59
2023-08-08,70.94,185577.0,70.93,71.83,69.88
2023-08-09,73.57,422491.0,69.31,74.43,69.0
2023-08-10,76.23,374291.0,73.61,76.62,73.24
2023-08-11,75.93,254894.0,76.22,77.43,75.78
2023-08-14,75.82,211302.0,74.82,76.35,74.13
2023-08-15,75.34,145446.0,75.74,76.14,74.25
2023-08-16,75.24,148671.0,75.03,76.69,74.71
2023-08-17,77.06,217651.0,74.52,77.5,74.34
2023-08-18,75.1,180036.0,77.08,77.18,75.09
2023-08-21,75.13,185530.0,74.74,76.55,74.57
2023-08-22,74.92,214790.0,75.13,76.14,73.24
2023-08-23,73.76,164616.0,75.7,75.91,73.68
2023-08-24,76.03,237535.0,74.33,77.13,74.13
2023-08-25,76.39,206406.0,76.0,78.83,75.51
2023-08-28,76.55,320767.0,80.46,80.78,76.23
2023-08-29,78.59,228568.0,76.6,79.33,76.33
2023-08-30,79.47,178748.0,79.75,80.15,78.13
2023-08-31,78.83,121397.0,79.81,79.93,78.73
2023-09-01,77.49,133292.0,78.83,79.16,76.62
2023-09-04,78.71,140668.0,78.23,79.52,77.33
2023-09-05,78.74,127061.0,78.23,79.49,77.83
2023-09-06,74.33,321445.0,78.32,78.32,73.93
2023-09-07,73.63,142812.0,74.33,74.6,73.17
2023-09-08,73.53,93126.0,73.19,74.33,72.87
2023-09-11,74.83,136974.0,73.63,76.13,72.98
2023-09-12,74.78,126311.0,74.83,75.83,74.25
2023-09-13,74.66,105465.0,74.38,75.58,73.96
2023-09-14,75.29,84860.0,74.7,75.63,74.53
2023-09-15,77.13,195268.0,75.56,78.46,75.06
2023-09-18,78.33,167991.0,77.13,78.95,77.01
2023-09-19,77.73,91433.0,78.33,78.43,77.11
2023-09-20,77.52,91487.0,77.63,78.44,76.83
2023-09-21,75.88,132034.0,76.98,77.41,75.61
2023-09-22,76.88,136983.0,76.82,76.88,75.05
2023-09-25,78.83,235477.0,77.18,79.21,76.39
2023-09-26,78.88,163094.0,79.4,79.93,78.63
2023-09-27,85.0,434115.0,80.33,85.33,80.2
2023-09-28,83.51,297129.0,85.35,86.42,83.07
2023-10-09,83.82,189808.0,83.82,84.53,81.93
2023-10-10,81.78,174465.0,84.03,84.32,81.73
2023-10-11,85.48,294156.0,82.39,86.69,82.33
2023-10-12,86.63,241552.0,87.33,87.83,85.14
2023-10-13,87.51,228062.0,85.93,88.38,85.69
2023-10-16,85.23,205117.0,87.73,88.44,85.03
2023-10-17,85.58,129757.0,86.13,86.3,84.63
2023-10-18,84.84,131262.0,85.41,85.66,84.19
2023-10-19,83.51,134370.0,84.23,85.0,83.43
2023-10-20,81.95,153511.0,83.27,83.29,81.44
2023-10-23,81.68,128650.0,81.28,82.62,80.25
2023-10-24,81.4,168590.0,82.33,82.52,80.73
2023-10-25,80.8,211870.0,82.63,84.21,80.71
2023-10-26,81.7,153991.0,80.33,82.11,79.94
2023-10-27,86.05,252907.0,81.33,86.83,80.83
2023-10-30,87.79,336782.0,85.56,90.89,85.56
2023-10-31,83.84,426365.0,83.13,86.03,80.69
2023-11-01,82.28,239191.0,83.82,84.03,80.38
2023-11-02,82.71,174065.0,82.26,84.51,82.2
2023-11-03,84.25,183849.0,82.93,85.22,82.33
2023-11-06,88.21,265928.0,85.63,88.33,85.34
2023-11-07,87.08,156335.0,87.71,88.72,86.92
2023-11-08,88.06,201578.0,86.73,89.93,86.56
2023-11-09,86.26,178856.0,88.15,88.5,85.89
2023-11-10,85.52,93888.0,85.51,86.29,85.11
2023-11-13,83.85,139693.0,85.52,85.83,83.36
2023-11-14,82.89,169004.0,84.63,85.08,82.26
2023-11-15,85.03,164560.0,85.05,86.56,84.23
2023-11-16,82.75,124725.0,84.71,85.44,82.35
2023-11-17,82.69,108713.0,82.75,83.03,81.91
2023-11-20,84.19,151440.0,83.11,85.12,82.54
2023-11-21,84.19,114493.0,84.32,85.43,83.95
2023-11-22,81.56,147293.0,83.73,83.73,81.5
2023-11-23,82.01,102595.0,81.55,82.3,81.23
2023-11-24,81.09,96552.0,82.13,82.4,80.99
2023-11-27,80.46,156551.0,80.83,80.96,79.55
2023-11-28,81.57,144561.0,80.48,82.45,80.34
2023-11-29,81.14,92487.0,81.72,81.93,80.83
2023-11-30,79.93,136882.0,80.74,81.16,79.63
2023-12-01,80.33,160316.0,79.93,80.63,78.63
2023-12-04,74.59,402332.0,78.68,78.68,73.33
2023-12-05,72.03,324911.0,73.33,74.52,71.33
2023-12-06,73.49,231000.0,72.41,74.59,72.41
2023-12-07,72.83,194972.0,73.43,73.43,71.16
2023-12-08,73.33,258711.0,72.69,73.58,71.63
2023-12-11,74.04,166816.0,72.68,74.33,72.03
2023-12-12,72.63,148699.0,73.83,73.83,72.25
2023-12-13,71.36,196560.0,72.33,72.61,70.93
2023-12-14,71.94,177988.0,72.83,74.18,71.85
2023-12-15,70.71,156558.0,72.71,73.1,70.53
2023-12-18,70.85,125443.0,70.68,71.53,70.02
2023-12-19,70.24,121861.0,70.13,70.89,69.64
2023-12-20,69.74,93846.0,70.43,71.23,69.73
2023-12-21,70.58,155781.0,69.29,72.03,68.98
2023-12-22,69.86,144222.0,70.45,70.85,68.93
2023-12-25,70.9,103812.0,69.33,71.61,69.28
2023-12-26,69.49,104868.0,70.89,70.89,68.82
2023-12-27,68.58,149565.0,69.51,69.89,68.43
2023-12-28,70.78,210950.0,68.93,71.07,68.38
2023-12-29,70.09,167549.0,70.78,71.09,69.64
2024-01-02,67.83,280682.0,70.28,70.34,66.23
2024-01-03,67.43,142197.0,67.38,68.5,67.21
2024-01-04,66.49,210134.0,67.31,67.31,65.97
2024-01-05,65.44,177233.0,66.73,66.88,64.83
2024-01-08,64.79,148078.0,65.16,65.51,64.43
2024-01-09,64.73,161649.0,65.13,66.23,64.23
2024-01-10,64.95,169720.0,64.43,65.71,63.66
2024-01-11,69.08,401024.0,69.33,70.05,67.13
2024-01-12,69.15,232131.0,68.34,71.21,68.25
2024-01-15,69.98,176932.0,68.43,71.28,68.43
2024-01-16,70.68,141080.0,69.44,70.73,69.14
2024-01-17,68.83,144416.0,70.26,70.49,68.83
2024-01-18,71.15,259359.0,68.33,71.26,68.14
2024-01-19,72.22,317311.0,70.74,72.63,70.33
2024-01-22,71.79,260221.0,72.12,72.71,70.53
2024-01-23,71.4,198385.0,71.23,72.41,70.42
2024-01-24,71.33,174389.0,71.91,72.02,69.53
2024-01-25,70.62,192357.0,71.29,71.39,69.44
2024-01-26,63.29,445270.0,69.83,72.02,63.29
2024-01-29,56.69,1060979.0,60.33,61.31,56.69
2024-01-30,54.18,873965.0,53.73,55.93,53.51
2024-01-31,51.53,656972.0,53.33,53.88,51.23
2024-02-01,53.13,583373.0,51.89,54.27,51.06
2024-02-02,47.55,657075.0,54.24,54.76,47.55
2024-02-05,45.56,1593025.0,43.61,49.06,42.53
2024-02-06,49.58,1132591.0,44.19,50.14,42.7
2024-02-07,52.58,1112956.0,50.94,53.71,50.94
2024-02-08,50.45,990074.0,50.98,51.83,49.33
2024-02-19,47.38,1328064.0,47.83,48.61,45.95
2024-02-20,48.9,1003199.0,47.18,48.97,46.66
2024-02-21,51.07,1088746.0,48.33,52.83,48.15
2024-02-22,51.44,628862.0,50.42,51.69,50.21
2024-02-23,50.91,694107.0,51.37,51.51,49.88
2024-02-26,51.98,750276.0,51.17,52.8,51.08
2024-02-27,52.31,646237.0,51.62,52.31,50.94
2024-02-28,50.34,907268.0,52.76,53.88,50.33
2024-02-29,51.81,638709.0,49.86,51.98,49.83
2024-03-01,52.35,553752.0,51.63,52.72,51.34
2024-03-04,57.33,1241227.0,52.9,57.85,52.89
2024-03-05,55.56,822375.0,55.65,56.6,54.44
2024-03-06,56.06,562814.0,56.34,56.81,55.13
2024-03-07,50.19,1131704.0,50.19,52.3,50.19
2024-03-08,49.17,973106.0,48.41,49.52,48.14
2024-03-11,52.1,1085102.0,49.96,52.61,48.85
2024-03-12,54.53,1238663.0,53.33,55.7,53.33
2024-03-13,54.08,746320.0,54.33,55.0,53.28
2024-03-14,50.84,1943570.0,55.81,56.21,49.21
2024-03-15,48.64,1456329.0,49.67,50.67,48.48
2024-03-18,50.74,1913967.0,48.53,50.77,46.13
2024-03-19,48.14,1681927.0,49.27,49.27,48.13
2024-03-20,47.66,1102141.0,48.18,48.44,47.34
2024-03-21,47.35,966806.0,47.71,48.06,47.24
2024-03-22,45.24,1276320.0,46.33,46.76,45.23
2024-03-25,46.23,1220113.0,46.63,47.29,46.14
2024-03-26,44.79,1031548.0,45.98,46.03,44.31
2024-03-27,43.91,895205.0,44.33,45.5,43.61
2024-03-28,44.36,821089.0,43.67,44.89,43.45
2024-03-29,43.51,745451.0,43.88,44.25,43.21
2024-04-01,45.17,969524.0,43.51,45.17,43.48
2024-04-02,44.39,756143.0,45.17,45.18,43.85
2024-04-03,44.64,745816.0,44.41,45.22,44.15
2024-04-08,43.44,836100.0,43.34,43.98,43.1
2024-04-09,44.25,1055583.0,43.45,44.4,42.23
2024-04-10,42.91,696944.0,43.83,44.38,42.86
2024-04-11,41.13,1165953.0,42.33,42.63,41.03
2024-04-12,40.22,790011.0,40.84,41.71,40.22
2024-04-15,39.71,819553.0,40.13,40.45,39.0
2024-04-16,38.52,703952.0,39.51,39.83,38.5
2024-04-17,40.48,1122331.0,38.68,40.88,38.61
2024-04-18,40.76,1091479.0,40.43,41.68,39.72
2024-04-19,39.53,746107.0,40.13,40.32,39.19
2024-04-22,39.43,508548.0,39.23,40.02,38.96
2024-04-23,39.96,921190.0,39.58,40.63,38.81
2024-04-24,39.29,700785.0,39.64,39.83,39.08
2024-04-25,38.93,716876.0,39.08,39.73,38.92
2024-04-26,40.25,1197094.0,38.71,40.46,38.63
2024-04-29,41.9,1149394.0,40.42,42.35,40.26
2024-04-30,41.0,806986.0,41.99,42.11,40.85
2024-05-06,43.11,1267891.0,41.77,43.72,41.67
2024-05-07,42.98,643177.0,42.93,43.19,42.51
2024-05-08,42.04,626057.0,42.73,42.91,41.99
2024-05-09,42.7,750410.0,42.04,43.32,42.02
2024-05-10,42.18,609055.0,42.98,43.13,41.86
2024-05-13,43.52,1853031.0,45.84,46.01,43.12
2024-05-14,44.47,1459675.0,43.23,45.23,43.1
2024-05-15,42.55,1059937.0,43.93,43.99,42.34
2024-05-16,42.91,967508.0,42.73,43.66,41.01
2024-05-17,42.23,694696.0,42.56,43.08,41.91
2024-05-20,42.03,562431.0,41.93,42.49,41.83
2024-05-21,41.04,669217.0,41.83,41.91,40.83
2024-05-22,41.45,482077.0,41.03,41.61,40.93
2024-05-23,40.62,427282.0,41.19,41.38,40.56
2024-05-24,40.08,381302.0,40.48,40.93,40.08
2024-05-27,39.75,551580.0,40.32,40.37,38.85
2024-05-28,39.59,367068.0,39.56,40.25,39.31
2024-05-29,39.6,308288.0,39.44,39.83,39.4
2024-05-30,39.27,285871.0,39.44,39.63,39.18
2024-05-31,39.44,375926.0,39.61,40.09,39.4
2024-06-03,39.33,371091.0,39.5,39.59,39.04
2024-06-04,40.61,600163.0,39.33,40.63,39.23
2024-06-05,40.23,365379.0,40.33,40.68,40.14
2024-06-06,39.91,403321.0,40.52,40.78,39.81
2024-06-07,39.72,306699.0,39.93,40.23,39.44
2024-06-11,39.79,335807.0,39.57,39.83,38.88
2024-06-12,42.71,1512348.0,39.93,43.45,39.85
2024-06-13,42.33,974218.0,42.63,43.05,42.01
2024-06-14,41.03,1094695.0,42.03,42.07,41.03
2024-06-17,41.3,485207.0,40.89,41.77,40.85
2024-06-18,39.86,772227.0,41.22,41.32,39.13
2024-06-19,39.27,469523.0,39.78,39.92,39.23
2024-06-20,38.42,597775.0,39.31,39.68,38.41
2024-06-21,37.82,426641.0,38.21,38.21,37.48
2024-06-24,37.75,370791.0,37.56,38.19,37.21
2024-06-25,37.82,309645.0,37.76,38.17,37.5
2024-06-26,38.53,321574.0,38.0,38.67,37.47
2024-06-27,37.65,261424.0,38.32,38.36,37.65
2024-06-28,37.51,258802.0,37.56,37.99,37.41
2024-07-01,36.98,328048.0,37.52,37.62,36.53
2024-07-02,36.61,259265.0,36.88,37.16,36.55
2024-07-03,37.02,376656.0,36.55,37.6,36.2
2024-07-04,35.92,324686.0,36.82,36.91,35.91
2024-07-05,36.34,337834.0,35.85,36.77,35.51
2024-07-08,35.19,341117.0,36.32,36.33,35.1
2024-07-09,35.58,384348.0,35.12,35.76,34.68
2024-07-10,35.86,354027.0,35.41,36.59,35.28
2024-07-11,37.14,492815.0,36.52,37.39,36.37
2024-07-12,37.12,359474.0,37.06,37.81,37.02
2024-07-15,36.37,283786.0,36.85,37.12,36.27
2024-07-16,36.81,243139.0,36.26,37.0,36.24
2024-07-17,37.54,441771.0,36.8,37.85,36.63
2024-07-18,37.65,344850.0,37.42,37.77,37.08
2024-07-19,37.92,342695.0,37.44,38.05,37.19
2024-07-22,38.39,400006.0,37.89,38.66,37.72
2024-07-23,37.52,319138.0,38.17,38.27,37.46
2024-07-24,36.97,291816.0,37.51,38.2,36.82
2024-07-25,37.58,316448.0,36.73,37.89,36.65
2024-07-26,37.86,252937.0,37.68,38.15,37.47
2024-07-29,37.32,294569.0,37.85,37.97,36.92
2024-07-30,39.01,1004849.0,38.32,39.82,38.32
2024-07-31,40.86,823555.0,38.98,41.0,38.91
2024-08-01,40.62,544728.0,40.9,40.98,40.18
2024-08-02,41.23,759364.0,40.5,42.13,40.38
2024-08-05,40.81,635803.0,40.98,42.11,40.74
2024-08-06,41.72,573473.0,41.27,42.02,40.82
2024-08-07,41.22,343861.0,41.63,41.72,41.05
2024-08-08,40.82,348530.0,41.02,41.58,40.79
2024-08-09,39.82,434524.0,40.95,41.1,39.82
2024-08-12,39.7,239242.0,39.81,40.04,39.4
2024-08-13,39.52,231842.0,39.77,39.82,39.12
2024-08-14,38.19,357287.0,39.49,39.51,38.16
2024-08-15,38.45,281154.0,38.13,38.9,37.96
2024-08-16,38.54,245008.0,38.46,38.81,37.97
2024-08-19,38.09,225551.0,38.43,38.77,37.99
2024-08-20,37.62,191109.0,38.22,38.3,37.53
2024-08-21,37.06,244059.0,37.73,37.74,36.92
2024-08-22,35.82,386469.0,37.0,37.31,35.72
2024-08-23,35.81,189633.0,35.81,36.08,35.66
2024-08-26,36.46,309184.0,35.84,36.52,35.63
2024-08-27,36.39,216779.0,36.32,36.75,36.02
2024-08-28,36.62,235963.0,36.31,36.8,36.03
2024-08-29,37.03,313055.0,36.42,37.29,36.16
2024-08-30,37.5,410641.0,37.2,37.94,36.75
2024-09-02,36.06,362110.0,37.37,37.5,36.04
2024-09-03,36.71,270428.0,36.06,36.85,35.94
2024-09-04,37.72,431539.0,36.55,38.03,36.53
2024-09-05,37.98,304817.0,37.67,38.68,37.67
2024-09-06,37.12,199394.0,37.98,38.04,37.1
2024-09-09,37.73,517414.0,37.08,38.9,37.0
2024-09-10,35.61,727966.0,37.32,37.32,35.18
2024-09-11,36.86,490958.0,35.87,37.0,35.66
2024-09-12,38.08,565023.0,36.88,38.55,36.82
2024-09-13,38.14,452094.0,38.3,39.0,38.08
2024-09-18,38.34,222069.0,38.08,38.42,37.73
2024-09-19,39.0,433100.0,38.47,39.42,38.19
2024-09-20,38.9,286986.0,39.0,39.24,38.68
2024-09-23,40.07,1036036.0,41.32,42.11,39.76
2024-09-24,40.82,830104.0,40.32,40.84,39.21
2024-09-25,41.03,1242644.0,41.27,42.76,40.82
2024-09-26,41.59,961583.0,40.16,41.65,39.82
2024-09-27,45.92,1160147.0,42.32,45.92,42.32
2024-09-30,50.68,1509338.0,50.68,50.68,49.22
2024-10-08,55.92,2107490.0,55.92,55.92,52.84
2024-10-09,54.11,1827696.0,55.85,57.82,53.2
2024-10-10,53.25,1171175.0,54.4,55.93,52.78
2024-10-11,49.77,1066526.0,52.3,52.3,49.0
2024-10-14,50.22,780223.0,50.27,50.5,48.72
2024-10-15,48.4,645826.0,50.24,50.62,48.37
2024-10-16,47.28,594906.0,47.32,48.08,46.82
2024-10-17,46.5,487388.0,47.62,47.86,46.48
2024-10-18,48.54,982914.0,46.12,49.79,46.1
2024-10-21,48.68,718422.0,48.84,49.24,47.94
2024-10-22,49.12,574351.0,48.53,49.76,48.22
2024-10-23,49.81,860325.0,49.14,50.82,48.62
2024-10-24,48.46,696845.0,49.81,50.18,48.23
2024-10-25,51.32,1147011.0,48.2,51.48,48.12
2024-10-28,51.76,692598.0,51.29,51.98,50.52
2024-10-29,51.81,1088119.0,54.27,54.47,51.74
2024-10-30,50.46,652796.0,51.33,52.0,50.04
2024-10-31,50.32,534554.0,50.08,51.28,49.82
2024-11-01,49.47,511573.0,50.02,50.77,49.32
2024-11-04,50.28,407714.0,49.47,50.8,49.4
2024-11-05,52.11,800430.0,50.32,52.78,49.61
2024-11-06,53.22,1029205.0,52.12,54.82,51.85
2024-11-07,55.04,909111.0,51.99,55.04,51.77
2024-11-08,54.44,815247.0,56.18,56.37,54.24
2024-11-11,55.75,652272.0,53.82,56.17,53.7
2024-11-12,56.62,1127148.0,55.84,59.32,55.48
2024-11-13,54.88,758130.0,55.89,56.52,53.92
2024-11-14,52.72,567268.0,54.51,55.09,52.57
2024-11-15,51.19,533736.0,52.3,52.77,51.19
2024-11-18,49.94,482398.0,50.79,51.42,49.68
2024-11-19,50.4,422373.0,50.25,50.9,49.01
2024-11-20,50.89,451493.0,50.12,51.4,50.0
2024-11-21,50.49,289348.0,50.77,50.78,50.06
2024-11-22,47.95,539044.0,50.33,50.33,47.88
2024-11-25,47.42,348252.0,47.95,48.46,46.87
2024-11-26,47.32,252699.0,47.61,48.17,47.26
2024-11-27,48.24,354915.0,47.33,48.4,47.3
2024-11-28,47.72,264742.0,48.39,48.67,47.56
2024-11-29,48.46,353790.0,47.72,49.0,47.61
2024-12-02,49.54,383675.0,48.33,49.69,48.02
2024-12-03,50.64,520359.0,49.42,51.09,49.25
2024-12-04,49.8,323949.0,50.52,50.62,49.52
2024-12-05,49.73,256192.0,49.72,50.26,49.32
2024-12-06,53.54,1055039.0,49.52,54.7,49.42
2024-12-09,57.3,1562911.0,57.92,58.52,56.14
2024-12-10,56.29,909352.0,58.83,59.06,56.07
2024-12-11,56.01,462224.0,55.81,56.9,55.47
2024-12-12,55.41,482256.0,55.62,55.87,54.67
2024-12-13,54.82,582368.0,54.92,55.42,54.51
2024-12-16,54.53,361684.0,54.53,55.42,54.19
2024-12-17,53.82,309573.0,54.32,55.12,53.74
2024-12-18,54.42,255413.0,54.12,54.72,53.78
2024-12-19,54.23,309137.0,53.84,55.15,53.67
2024-12-20,54.11,234714.0,54.2,54.85,53.93
2024-12-23,54.58,340255.0,54.0,55.37,53.92
2024-12-24,54.77,236492.0,54.39,54.92,54.39
2024-12-25,53.96,382330.0,55.82,56.32,53.82
2024-12-26,53.83,204623.0,53.59,54.39,53.32
2024-12-27,53.11,320379.0,53.72,53.8,52.64
2024-12-30,54.42,335452.0,52.87,54.72,52.84
2024-12-31,53.36,272688.0,54.4,54.4,53.34
2025-01-02,51.38,350818.0,53.35,53.61,51.02
2025-01-03,50.69,257327.0,51.37,51.9,50.53
2025-01-06,51.22,306606.0,51.01,51.82,50.13
2025-01-07,50.7,283194.0,50.92,50.97,49.77
2025-01-08,50.23,226504.0,50.48,50.86,49.45
2025-01-09,50.93,216653.0,50.31,51.97,50.31
2025-01-10,51.68,334537.0,51.79,52.62,51.26
2025-01-13,51.49,200885.0,50.95,51.95,50.76
2025-01-14,53.32,326687.0,52.13,53.67,51.84
2025-01-15,51.6,387271.0,53.22,53.22,50.85
2025-01-16,51.85,220881.0,52.14,53.08,51.53
2025-01-17,51.32,209879.0,51.54,51.89,51.2
2025-01-20,54.35,578833.0,51.94,55.01,51.94
2025-01-21,53.81,379054.0,54.35,54.62,52.83
2025-01-22,52.89,223447.0,53.6,53.95,52.69
2025-01-23,52.7,233257.0,53.42,53.87,52.69
2025-01-24,54.18,480684.0,52.67,55.32,52.5
2025-01-27,53.68,219337.0,54.19,54.6,53.65
2025-02-05,54.31,269885.0,54.22,54.57,53.6
2025-02-06,56.37,470491.0,54.32,56.68,54.01
2025-02-07,56.49,436211.0,56.73,57.32,55.72
2025-02-10,56.92,301618.0,56.3,57.5,56.27
2025-02-11,55.83,242115.0,57.12,57.18,55.82
2025-02-12,55.95,272208.0,55.85,56.1,55.28
2025-02-13,55.18,247498.0,55.92,56.39,55.07
2025-02-14,57.8,723356.0,55.37,58.48,55.37
2025-02-17,60.64,766883.0,59.16,60.88,58.42
2025-02-18,59.8,478964.0,60.32,61.24,59.5
2025-02-19,60.82,493715.0,59.5,62.3,59.12
2025-02-20,62.68,531287.0,60.8,63.2,60.53
2025-02-21,66.73,753723.0,62.82,67.57,62.82
2025-02-24,61.93,965106.0,65.52,65.52,61.72
2025-02-25,60.8,525984.0,60.02,61.62,60.02
2025-02-26,62.75,430342.0,61.32,62.95,61.14
2025-02-27,60.77,511397.0,62.07,62.76,60.18
2025-02-28,59.45,426529.0,60.21,60.92,58.97
2025-03-03,58.99,403761.0,59.76,60.32,58.36
2025-03-04,58.7,316723.0,58.42,58.98,57.97
2025-03-05,58.22,258607.0,59.18,59.25,57.84
2025-03-06,60.7,438067.0,58.82,61.06,58.82
2025-03-07,60.83,349128.0,60.32,61.47,60.17
2025-03-10,60.32,288093.0,61.66,61.81,59.68
2025-03-11,59.95,225145.0,59.21,60.13,59.03
2025-03-12,59.91,200124.0,60.07,61.04,59.72
2025-03-13,59.42,170318.0,59.89,60.29,59.1
2025-03-14,62.23,559670.0,59.67,62.73,59.43
2025-03-17,62.35,259844.0,62.52,62.82,61.74
2025-03-18,68.0,978984.0,66.12,68.75,65.52
2025-03-19,68.32,549035.0,68.01,69.0,67.55
2025-03-20,67.89,391345.0,68.33,68.85,66.64
2025-03-21,65.3,470393.0,67.48,67.89,65.04
2025-03-24,65.68,278489.0,65.34,66.12,65.12
2025-03-25,64.91,211481.0,65.65,66.21,64.75
2025-03-26,64.06,215777.0,64.91,65.46,63.94
2025-03-27,66.32,365477.0,63.82,66.44,63.71
2025-03-28,66.11,291557.0,66.29,67.79,65.9
2025-03-31,65.64,226716.0,65.42,66.8,65.2
2025-04-01,66.55,478781.0,66.02,68.32,65.79
2025-04-02,64.37,383466.0,66.55,66.55,64.09
2025-04-03,61.84,502840.0,63.82,64.71,61.74
2025-04-07,55.49,421011.0,56.13,56.7,55.49
2025-04-08,49.93,1272885.0,56.4,56.46,49.77
2025-04-09,49.57,1207097.0,48.12,49.57,46.8
2025-04-10,50.62,838260.0,52.12,52.13,50.32
2025-04-11,50.42,631199.0,50.42,51.17,49.77
2025-04-14,51.43,625625.0,51.32,52.58,51.07
2025-04-15,50.9,388329.0,51.38,51.38,50.22
2025-04-16,50.68,409871.0,50.72,50.72,49.42
2025-04-17,50.83,266995.0,50.3,50.91,50.14
2025-04-18,51.17,240255.0,50.88,51.77,50.67
2025-04-21,52.21,258899.0,51.18,52.3,50.92
2025-04-22,52.87,370347.0,52.0,53.27,51.69
2025-04-23,54.54,487976.0,54.13,55.16,53.97
2025-04-24,54.74,372755.0,54.54,56.03,54.32
2025-04-25,55.68,326328.0,55.44,56.24,55.1
2025-04-28,56.41,351136.0,55.67,56.89,55.02
2025-04-29,58.77,677220.0,57.82,59.9,57.55
2025-04-30,57.49,430395.0,59.11,59.12,57.41
2025-05-06,58.66,409107.0,59.31,59.46,58.2
2025-05-07,56.57,643098.0,59.72,59.72,56.24
2025-05-08,57.3,344885.0,56.58,57.71,56.41
2025-05-09,57.38,240900.0,57.12,57.71,56.8
2025-05-12,57.73,373049.0,56.32,58.3,56.32
2025-05-13,58.18,303867.0,58.92,58.93,58.02
2025-05-14,59.35,341428.0,58.51,59.6,57.94
2025-05-15,59.71,343116.0,59.42,60.66,59.12
2025-05-16,59.68,210077.0,59.32,59.72,58.72
2025-05-19,59.37,179317.0,59.42,59.5,58.47
2025-05-20,60.98,318648.0,59.62,61.3,59.62
2025-05-21,61.7,297693.0,60.93,62.4,60.55
2025-05-22,62.44,353599.0,61.15,62.77,60.55
2025-05-23,61.7,457973.0,62.42,63.86,61.62
2025-05-26,61.32,295211.0,61.7,62.67,61.07
2025-05-27,61.85,219150.0,61.64,62.31,61.19
2025-05-28,61.3,158647.0,61.85,62.04,61.21
2025-05-29,64.35,425271.0,61.5,64.38,61.47
2025-05-30,63.16,281716.0,63.65,64.28,63.16
2025-06-03,64.12,240327.0,63.48,64.23,63.15
2025-06-04,64.77,288113.0,64.1,65.08,63.68
2025-06-05,64.13,244178.0,64.78,64.86,63.37
2025-06-06,63.65,207564.0,64.13,64.23,63.35
2025-06-09,64.45,332328.0,64.04,65.53,63.61
2025-06-10,64.55,353143.0,64.46,65.97,64.25
2025-06-11,64.7,253724.0,64.95,65.2,64.37
2025-06-12,67.36,477555.0,64.71,67.45,64.4
2025-06-13,67.92,561615.0,67.36,69.59,66.96
2025-06-16,68.11,324359.0,67.5,69.04,66.25
2025-06-17,66.15,365808.0,68.65,69.02,66.01
2025-06-18,65.35,340243.0,65.95,66.64,65.15
2025-06-19,64.58,253259.0,65.36,65.89,64.15
2025-06-20,64.92,210991.0,64.63,65.15,64.45
2025-06-23,64.92,258503.0,64.31,65.08,63.56
2025-06-24,66.49,290531.0,65.25,66.49,65.25
2025-06-25,67.46,248628.0,66.85,67.59,65.98
2025-06-26,65.33,315677.0,67.15,67.15,65.17
2025-06-27,65.48,196914.0,65.33,66.07,64.97
2025-06-30,69.2,468343.0,65.37,69.3,65.25
2025-07-01,70.35,343609.0,68.76,71.04,68.76
2025-07-02,69.85,218891.0,70.63,71.03,69.61
2025-07-03,70.37,227081.0,69.85,70.72,69.55
2025-07-04,70.47,231366.0,70.37,71.3,69.69
2025-07-07,69.49,210369.0,70.4,70.4,68.87
2025-07-08,70.05,198884.0,69.28,70.53,69.2
2025-07-09,69.35,230899.0,69.04,70.63,68.55
2025-07-10,69.79,298622.0,69.46,71.04,69.46
2025-07-11,76.8,811132.0,73.15,76.8,72.95
2025-07-14,78.25,780301.0,77.15,79.17,76.86
2025-07-15,79.73,452165.0,78.59,80.51,78.59
2025-07-16,78.46,316248.0,79.31,80.12,78.03
2025-07-17,80.67,415837.0,78.56,81.14,78.18
2025-07-18,82.25,415796.0,80.86,82.79,80.86
2025-07-21,82.41,496753.0,82.26,83.14,80.49
2025-07-22,82.43,452814.0,81.77,85.58,81.65
2025-07-23,83.71,489928.0,83.45,85.24,82.95
2025-07-24,86.65,479778.0,83.31,86.65,83.16
2025-07-25,88.53,610941.0,86.65,90.85,86.04
2025-07-28,91.27,532680.0,89.15,91.27,88.46
2025-07-29,98.34,940147.0,93.1,99.41,90.35
2025-07-30,98.5,929140.0,98.25,102.14,96.9
2025-07-31,95.92,983541.0,95.65,98.5,94.57
2025-08-01,92.65,893263.0,95.24,96.04,92.01
2025-08-04,91.5,639168.0,92.65,92.65,89.26
2025-08-05,92.94,484983.0,92.55,93.8,92.17
2025-08-06,93.23,525255.0,92.94,95.4,92.63
2025-08-07,90.86,583679.0,92.11,93.57,89.71
2025-08-08,90.31,422063.0,89.95,91.3,88.65
2025-08-11,90.88,404319.0,90.45,92.15,90.25
2025-08-12,91.15,371731.0,91.2,91.4,89.75
2025-08-13,97.77,1031052.0,91.75,99.15,91.29
2025-08-14,98.33,807632.0,98.65,102.01,96.95
2025-08-15,97.45,547930.0,97.2,98.95,96.31
2025-08-18,96.63,627115.0,97.45,98.95,96.15
2025-08-19,89.91,1311654.0,96.8,98.65,89.66
2025-08-20,91.46,821138.0,89.02,91.63,88.73
2025-08-21,91.35,397170.0,91.95,92.98,90.85
2025-08-22,93.65,580164.0,91.65,93.67,90.9
2025-08-25,99.63,933118.0,95.09,99.65,94.34
2025-08-26,96.45,670047.0,99.05,99.05,96.06
2025-08-27,95.05,620201.0,97.05,98.64,95.05
2025-08-28,95.34,583061.0,94.58,95.5,92.15
2025-08-29,102.95,1016596.0,95.43,103.61,95.27
2025-09-01,111.23,1012454.0,103.85,111.66,101.16
2025-09-02,111.65,1061258.0,110.65,115.44,109.2
2025-09-03,110.53,719372.0,111.37,112.6,108.34
2025-09-04,101.59,1028634.0,111.92,112.35,99.63
2025-09-05,107.05,802292.0,101.58,107.97,99.85
2025-09-08,110.25,710975.0,108.03,111.53,106.42
2025-09-09,106.02,642184.0,108.59,112.3,104.97
2025-09-10,106.88,478518.0,105.75,109.02,105.45
2025-09-11,104.3,1003402.0,98.65,104.85,97.2
2025-09-12,105.12,566621.0,105.25,106.93,102.96
2025-09-15,106.65,513922.0,104.65,108.64,104.65
2025-09-16,106.7,350009.0,106.15,107.15,105.18
2025-09-17,108.94,497652.0,106.54,110.37,105.03
2025-09-18,107.08,543069.0,109.12,110.55,105.71
2025-09-19,108.4,501637.0,107.35,109.62,104.65
2025-09-22,108.68,439836.0,107.66,110.18,106.41
2025-09-23,104.43,643314.0,108.15,109.38,102.34
2025-09-24,104.68,393492.0,103.67,105.82,103.67
2025-09-25,107.03,527097.0,104.53,108.15,104.53
2025-09-26,102.92,485285.0,104.7,104.94,101.66
2025-09-29,105.27,469354.0,102.9,105.6,101.5
2025-09-30,112.03,707395.0,105.27,112.26,105.22
2025-10-09,112.85,554708.0,112.03,113.97,109.85
2025-10-10,104.72,689309.0,111.78,111.8,104.5
2025-10-13,99.73,700936.0,98.0,101.04,97.8
2025-10-14,95.92,561891.0,101.05,101.9,95.34
2025-10-15,99.46,421801.0,96.1,99.65,94.85
2025-10-16,101.06,391604.0,99.46,102.43,98.66
2025-10-17,96.6,396419.0,100.8,101.26,96.46
2025-10-20,98.89,298477.0,98.1,100.55,97.5
2025-10-21,102.04,335447.0,99.86,102.11,99.02
2025-10-22,100.9,211322.0,101.29,102.88,100.71
2025-10-23,101.9,224875.0,100.95,102.0,99.81
2025-10-24,103.81,379004.0,102.5,105.35,101.96
2025-10-27,106.64,719765.0,110.6,111.0,105.3
2025-10-28,103.96,462310.0,106.79,108.28,103.9
2025-10-29,106.04,453234.0,103.25,106.93,102.84
2025-10-30,97.06,1231186.0,100.5,100.5,96.46
2025-10-31,99.4,656941.0,97.41,100.5,96.55
2025-11-03,96.41,558467.0,99.43,99.87,95.8
2025-11-04,93.81,546861.0,96.0,96.02,93.24
2025-11-05,94.31,391007.0,92.13,95.7,92.13
2025-11-06,95.69,298148.0,94.4,95.87,93.56
2025-11-07,94.84,234023.0,95.0,95.81,94.0
2025-11-10,93.45,408649.0,94.68,94.84,92.24
2025-11-11,92.5,230680.0,94.4,94.4,92.25
2025-11-12,92.35,349597.0,92.9,94.47,92.28
2025-11-13,96.46,563458.0,93.2,96.9,92.5
2025-11-14,95.02,318675.0,95.58,96.65,94.74
2025-11-17,93.76,274932.0,95.0,95.0,92.7
2025-11-18,92.32,289230.0,93.75,94.41,92.01
2025-11-19,93.2,246981.0,92.32,94.3,91.77
2025-11-20,93.67,245151.0,94.39,95.63,93.42
2025-11-21,91.8,346841.0,93.05,94.33,90.5
2025-11-24,93.97,328367.0,93.0,94.07,92.02
2025-11-25,94.31,321832.0,95.3,95.6,94.03
2025-11-26,95.28,331289.0,94.65,96.5,93.87
2025-11-27,92.2,506125.0,93.5,93.5,91.22
2025-11-28,91.19,318704.0,92.2,92.49,90.8
2025-12-01,92.3,275995.0,91.39,92.3,91.0
2025-12-02,89.42,433339.0,92.03,92.18,89.19
2025-12-03,87.62,466477.0,89.1,89.5,87.18
2025-12-04,89.59,303975.0,88.08,89.62,87.61
2025-12-05,90.4,384581.0,90.25,91.48,89.52
2025-12-08,91.55,364691.0,90.83,91.91,90.41
2025-12-09,92.17,390102.0,91.4,94.33,91.05
2025-12-10,92.75,295731.0,91.48,92.95,89.67
2025-12-11,93.4,457596.0,92.99,95.66,92.76
2025-12-12,94.05,473405.0,93.68,94.15,92.42
2025-12-15,91.21,341657.0,92.8,93.4,91.0
2025-12-16,89.12,280709.0,91.0,91.99,88.5
2025-12-17,90.59,301577.0,89.37,91.1,88.73
2025-12-18,90.59,286539.0,90.05,92.2,89.59
2025-12-19,92.47,463762.0,91.0,94.69,90.5
2025-12-22,91.21,357154.0,92.39,93.51,90.83
2025-12-23,90.62,251255.0,91.6,91.79,90.34
2025-12-24,90.82,250669.0,90.62,92.1,90.24
2025-12-25,91.94,221820.0,90.88,92.0,90.28
2025-12-26,92.7,257040.0,91.8,93.6,91.57
2025-12-29,92.5,284169.0,92.63,93.5,91.65
2025-12-30,91.9,307348.0,92.1,92.58,90.52
2025-12-31,90.64,419166.0,91.9,93.79,90.64
2026-01-05,94.57,728620.0,90.85,96.2,90.85
2026-01-06,96.25,463757.0,95.13,96.5,94.11
2026-01-07,98.04,530854.0,96.28,98.9,95.99
2026-01-08,98.17,420669.0,98.81,99.9,97.0
2026-01-09,99.08,507614.0,98.68,101.0,97.02
2026-01-12,98.68,443952.0,100.0,101.0,97.6
2026-01-13,104.6,924548.0,101.8,106.5,101.66
2026-01-14,103.4,632239.0,104.55,106.99,102.0
2026-01-15,103.56,367229.0,103.01,105.88,102.52
2026-01-16,104.3,447752.0,103.58,106.3,102.89
2026-01-19,102.39,479083.0,104.4,105.73,100.5
2026-01-20,99.46,481131.0,101.88,102.3,97.87
2026-01-21,98.55,386898.0,99.0,100.76,98.2
2026-01-22,97.6,415188.0,99.0,99.66,96.56
2026-01-23,97.6,386841.0,98.01,99.38,96.94
2026-01-26,96.72,402339.0,97.85,97.98,95.81
2026-01-27,95.79,381809.0,96.87,97.75,95.33
2026-01-28,95.7,457468.0,96.0,96.3,94.63
2026-01-29,98.02,535591.0,95.62,98.55,94.65
2026-01-30,95.2,402506.0,97.85,98.78,95.2
2026-02-02,93.2,362993.0,95.21,96.18,92.91
2026-02-03,94.6,291676.0,93.4,94.85,92.43
2026-02-04,95.61,332632.0,94.0,95.99,92.82
2026-02-05,96.75,271435.0,96.1,98.47,96.0
